-- phpMyAdmin SQL Dump
-- version 5.2.1
-- https://www.phpmyadmin.net/
--
-- Servidor: 127.0.0.1
-- Tiempo de generación: 29-10-2023 a las 20:50:20
-- Versión del servidor: 10.4.28-MariaDB
-- Versión de PHP: 8.0.28

SET SQL_MODE = "NO_AUTO_VALUE_ON_ZERO";
START TRANSACTION;
SET time_zone = "+00:00";


/*!40101 SET @OLD_CHARACTER_SET_CLIENT=@@CHARACTER_SET_CLIENT */;
/*!40101 SET @OLD_CHARACTER_SET_RESULTS=@@CHARACTER_SET_RESULTS */;
/*!40101 SET @OLD_COLLATION_CONNECTION=@@COLLATION_CONNECTION */;
/*!40101 SET NAMES utf8mb4 */;

--
-- Base de datos: `vacunas`
--
CREATE DATABASE IF NOT EXISTS `vacunas` DEFAULT CHARACTER SET utf8mb4 COLLATE utf8mb4_general_ci;
USE `vacunas`;

-- --------------------------------------------------------

--
-- Estructura de tabla para la tabla `ciudadano`
--

CREATE TABLE `ciudadano` (
  `idCiudadano` int(50) NOT NULL,
  `DNI` int(20) NOT NULL,
  `apellido` varchar(20) NOT NULL,
  `nombre` varchar(20) NOT NULL,
  `latitud` double NOT NULL,
  `longitud` double NOT NULL,
  `email` varchar(40) NOT NULL,
  `celular` int(30) NOT NULL,
  `ambitoTrabajo` varchar(50) NOT NULL,
  `dosisAplicadas` tinyint(10) NOT NULL,
  `fechaNacimiento` date DEFAULT NULL
) ENGINE=InnoDB DEFAULT CHARSET=utf8mb4 COLLATE=utf8mb4_general_ci;

--
-- Volcado de datos para la tabla `ciudadano`
--

INSERT INTO `ciudadano` (`idCiudadano`, `DNI`, `apellido`, `nombre`, `latitud`, `longitud`, `email`, `celular`, `ambitoTrabajo`, `dosisAplicadas`, `fechaNacimiento`) VALUES
(84, 45555555, 'Mollo', 'Ariel', -31.622397790323646, -60.67216873168945, 'afasdasd@gmail.com', 2312312, 'Agricultura y Agroin', 6, NULL),
(86, 34508715, 'Puntillo', 'Melisa', -31.639352364896208, -60.703582763671875, 'meli@hotmail.com', 1242131, 'Gobierno y Administr', 4, NULL),
(87, 25000001, 'González', 'Ana', -33.25218268746886, -66.29236221313477, 'pedro@gmail.com', 154654, 'Educacion Secundaria', 0, '2023-10-07'),
(88, 30000002, 'Martínez', 'Juan', -33.30929867369004, -66.3028335571289, 'martinezJuan@gmail.com', 2147483647, 'Estudiante Primaria', 1, '2023-10-07'),
(89, 35000003, 'Rodríguez', 'María', -31.622597790323645, -60.67236873168945, 'maria.rodriguez@emai', 154687679, 'Comercio', 2, NULL),
(90, 40000004, 'López', 'Carlos', -31.622697790323645, -60.67246873168945, 'carlos.lopez@email.c', 154687680, 'Industria', 1, NULL),
(91, 22000005, 'Fernández', 'Laura', -33.1237508297102, -66.2750244140625, 'ferlaura@gmail.com', 2147483647, 'Educacion Secundaria', 3, '2023-10-14'),
(92, 26000006, 'Pérez', 'José', -33.32593850874472, -66.4288330078125, 'pepe@gmail.com', 12312312, 'Otro', 0, '2023-10-14'),
(93, 32000007, 'Gómez', 'Marta', -31.622997790323645, -60.67276873168945, 'marta.gomez@email.co', 154687683, 'Educación', 1, NULL),
(94, 39000008, 'Díaz', 'Luis', -33.27428727554673, -66.2530517578125, 'diazLuis@gmail.com', 1546876, 'Educacion Secundaria', 3, '2023-10-06'),
(95, 43000009, 'Sánchez', 'Lucía', -31.623197790323648, -60.67296873168945, 'lucia.sanchez@email.', 154687685, 'Industria', 1, NULL),
(96, 28000010, 'Romero', 'Diego', -33.28174989897829, -66.30317687988281, 'diegoRomero@gmail.co', 154687677, 'Gobierno y Administr', 1, '2002-10-17'),
(97, 27000011, 'Gutierrez', 'Elena', -31.623397790323647, -60.67316873168945, 'elena.gutierrez@emai', 154687687, 'Salud', 1, NULL),
(98, 33000012, 'Torres', 'Roberto', -31.623497790323647, -60.67326873168945, 'roberto.torres@email', 154687688, 'Educación', 1, NULL),
(99, 38000013, 'Reyes', 'Cecilia', -31.623597790323647, -60.67336873168945, 'cecilia.reyes@email.', 154687689, 'Comercio', 1, NULL),
(100, 41000014, 'Ortega', 'Sergio', -31.623697790323646, -60.67346873168945, 'sergio.ortega@email.', 154687690, 'Industria', 1, NULL),
(101, 24000015, 'Jiménez', 'Nora', -31.623797790323646, -60.67356873168945, 'nora.jimenez@email.c', 154687691, 'Gobierno', 1, NULL),
(102, 29000016, 'Silva', 'Adrián', -31.623897790323646, -60.67366873168945, 'adrian.silva@email.c', 154687692, 'Salud', 1, NULL),
(103, 35000017, 'Ríos', 'Patricia', -31.623997790323646, -60.67376873168945, 'patricia.rios@email.', 154687693, 'Educación', 1, NULL),
(104, 42000018, 'Molina', 'Fernando', -31.624097790323646, -60.67386873168945, 'fernando.molina@emai', 154687694, 'Comercio', 0, NULL),
(105, 36000019, 'Cabrera', 'Gloria', -31.624197790323645, -60.67396873168945, 'gloria.cabrera@email', 154687695, 'Industria', 1, NULL),
(106, 44000020, 'Román', 'Ricardo', -31.624297790323645, -60.67406873168945, 'ricardo.roman@email.', 154687696, 'Gobierno', 1, NULL),
(107, 31000021, 'Luna', 'Julieta', -31.624397790323645, -60.67416873168945, 'julieta.luna@email.c', 154687697, 'Salud', 1, NULL),
(108, 37000022, 'Mendez', 'Andrés', -31.624497790323645, -60.67426873168945, 'andres.mendez@email.', 154687698, 'Educación', 1, NULL),
(109, 45000023, 'Paredes', 'Mariano', -31.624597790323644, -60.67436873168945, 'mariano.paredes@emai', 154687699, 'Comercio', 1, NULL),
(110, 26000024, 'Vargas', 'Camila', -31.634675549541342, -60.6939697265625, 'pepe@gmail.com', 154687677, 'Estudiante Primaria', 1, '2023-10-13'),
(111, 22000025, 'Ferreira', 'Gustavo', -31.66974593076023, -60.72418212890625, 'pedro@gmail.com', 154687677, 'Educacion Secundaria', 2, '2023-10-06'),
(112, 28000026, 'Moreno', 'Silvina', -31.624897790323647, -60.67466873168945, 'silvina.moreno@email', 154687702, 'Salud', 1, NULL),
(113, 23000027, 'Romero', 'Hernán', -33.31216783738619, -66.3299560546875, 'romero@gmail.com', 2147483647, 'Educacion Secundaria', 1, '2023-10-07'),
(114, 30000028, 'Marti', 'Carolina', -31.625097790323647, -60.67486873168945, 'carolina.marti@email', 154687704, 'Comercio', 1, NULL),
(115, 39000029, 'Maldonado', 'Pablo', -31.625197790323647, -60.67496873168945, 'pablo.maldonado@emai', 154687705, 'Industria', 1, NULL),
(116, 34000030, 'Santos', 'Nicolás', -31.625297790323646, -60.67506873168945, 'nicolas.santos@email', 154687706, 'Gobierno', 1, NULL),
(117, 10079708, 'Gatti', 'Enrietta', -31.64300596323857, -60.69148063659668, 'enrieta@gmail.com', 154687677, 'Arte y Entretenimien', 0, NULL),
(211, 50000001, 'García', 'Juan', -31.68610757907947, -60.721435546875, 'juanGarcia@gmail.com', 154686, 'Agricultura y Agroin', 0, NULL),
(212, 50000002, 'Rodríguez Saen Peña ', 'María Laura del Roci', -31.652212394297177, -60.717315673828125, 'SDSAD@gmail.com', 12412312, 'Agricultura y Agroin', 3, '1996-06-27'),
(213, 50000003, 'Pérez', 'Luis', -31.658057274089902, -60.71044921875, 'perez_luiz@gmail.com', 154687677, 'Educacion Secundaria', 0, '1983-10-01'),
(214, 50000004, 'Martínez', 'Ana', 0, 0, '', 0, '', 0, NULL),
(215, 50000005, 'López', 'Carlos', -31.642859822061286, -60.687103271484375, 'sfasd', 2, 'Servicios Financiero', 0, NULL),
(216, 50000006, 'González', 'Laura', 0, 0, '', 0, '', 0, NULL),
(217, 50000007, 'Fernández', 'Diego', 0, 0, '', 0, '', 0, NULL),
(218, 50000008, 'Torres', 'Paula', 0, 0, '', 0, '', 0, NULL),
(219, 50000009, 'Sánchez', 'Javier', 0, 0, '', 0, '', 0, NULL),
(220, 50000010, 'Ramírez', 'Laura', 0, 0, '', 0, '', 0, NULL),
(221, 50000011, 'Pérez', 'Carlos', 0, 0, '', 0, '', 0, NULL),
(222, 50000012, 'González', 'Ana', 0, 0, '', 0, '', 0, NULL),
(223, 50000013, 'López', 'María', 0, 0, '', 0, '', 0, NULL),
(224, 50000014, 'Rodríguez', 'Juan', 0, 0, '', 0, '', 0, NULL),
(225, 50000015, 'Martínez', 'Luis', 0, 0, '', 0, '', 0, NULL),
(226, 50000016, 'Sánchez', 'Diego', 0, 0, '', 0, '', 0, NULL),
(227, 50000017, 'Ramírez', 'Paula', 0, 0, '', 0, '', 0, NULL),
(228, 50000018, 'Torres', 'Laura', 0, 0, '', 0, '', 0, NULL),
(229, 50000019, 'García', 'Javier', 0, 0, '', 0, '', 0, NULL),
(230, 50000020, 'Fernández', 'Carlos', 0, 0, '', 0, '', 0, NULL),
(231, 50000021, 'Pérez', 'Ana', 0, 0, '', 0, '', 0, NULL),
(232, 50000022, 'Martínez', 'María', 0, 0, '', 0, '', 0, NULL),
(233, 50000023, 'Sánchez', 'Juan', 0, 0, '', 0, '', 0, NULL),
(234, 50000024, 'González', 'Luis', 0, 0, '', 0, '', 0, NULL),
(235, 50000025, 'Ramírez', 'Diego', 0, 0, '', 0, '', 0, NULL),
(236, 50000026, 'López', 'Paula', 0, 0, '', 0, '', 0, NULL),
(237, 50000027, 'Rodríguez', 'Laura', 0, 0, '', 0, '', 0, NULL),
(238, 50000028, 'Fernández', 'Carlos', 0, 0, '', 0, '', 0, NULL),
(239, 50000029, 'García', 'Ana', 0, 0, '', 0, '', 0, NULL),
(240, 50000030, 'Torres', 'Javier', 0, 0, '', 0, '', 0, NULL),
(241, 50000031, 'Sánchez', 'Juan', 0, 0, '', 0, '', 0, NULL),
(242, 50000032, 'Martínez', 'María', 0, 0, '', 0, '', 0, NULL),
(243, 50000033, 'Ramírez', 'Luis', 0, 0, '', 0, '', 0, NULL),
(244, 50000034, 'Pérez', 'Diego', 0, 0, '', 0, '', 0, NULL),
(245, 50000041, 'García', 'Juan', 0, 0, '', 0, '', 0, NULL),
(246, 50000042, 'Ramírez', 'Luis', 0, 0, '', 0, '', 0, NULL),
(247, 50000043, 'Martínez', 'Paula', 0, 0, '', 0, '', 0, NULL),
(248, 50000044, 'Pérez', 'Diego', 0, 0, '', 0, '', 0, NULL),
(249, 50000045, 'González', 'Laura', 0, 0, '', 0, '', 0, NULL),
(250, 50000046, 'López', 'Carlos', 0, 0, '', 0, '', 0, NULL),
(251, 50000047, 'Sánchez', 'Ana', 0, 0, '', 0, '', 0, NULL),
(252, 50000049, 'Rodríguez', 'María', 0, 0, '', 0, '', 0, NULL),
(253, 50000050, 'Torres', 'Juan', 0, 0, '', 0, '', 0, NULL),
(254, 50000051, 'García', 'Luis', 0, 0, '', 0, '', 0, NULL),
(255, 50000052, 'Ramírez', 'Paula', 0, 0, '', 0, '', 0, NULL),
(256, 50000053, 'Martínez', 'Diego', 0, 0, '', 0, '', 0, NULL),
(257, 50000054, 'Pérez', 'Laura', 0, 0, '', 0, '', 0, NULL),
(258, 50000055, 'Sánchez', 'Carlos', 0, 0, '', 0, '', 0, NULL),
(259, 50000056, 'González', 'Javier', 0, 0, '', 0, '', 0, NULL),
(260, 50000057, 'López', 'Ana', 0, 0, '', 0, '', 0, NULL),
(261, 50000058, 'Torres', 'María', 0, 0, '', 0, '', 0, NULL),
(262, 50000059, 'Fernández', 'Juan', 0, 0, '', 0, '', 0, NULL),
(263, 50000060, 'Rodríguez', 'Luis', 0, 0, '', 0, '', 0, NULL),
(264, 50000061, 'Ramírez', 'Diego', 0, 0, '', 0, '', 0, NULL),
(265, 50000062, 'Martínez', 'Paula', 0, 0, '', 0, '', 0, NULL),
(266, 50000063, 'Pérez', 'Laura', 0, 0, '', 0, '', 0, NULL),
(267, 50000064, 'Sánchez', 'Carlos', 0, 0, '', 0, '', 0, NULL),
(268, 50000065, 'González', 'Javier', 0, 0, '', 0, '', 0, NULL),
(269, 50000066, 'López', 'Ana', 0, 0, '', 0, '', 0, NULL),
(270, 50000067, 'Torres', 'María', 0, 0, '', 0, '', 0, NULL),
(271, 50000068, 'García', 'Juan', 0, 0, '', 0, '', 0, NULL),
(272, 50000069, 'Ramírez', 'Luis', 0, 0, '', 0, '', 0, NULL),
(273, 50000070, 'Martínez', 'Paula', 0, 0, '', 0, '', 0, NULL),
(274, 50000071, 'Pérez', 'Diego', 0, 0, '', 0, '', 0, NULL),
(275, 50000072, 'González', 'Laura', 0, 0, '', 0, '', 0, NULL),
(276, 50000073, 'López', 'Carlos', 0, 0, '', 0, '', 0, NULL),
(277, 50000074, 'Sánchez', 'Ana', 0, 0, '', 0, '', 0, NULL),
(278, 50000075, 'Fernández', 'Javier', 0, 0, '', 0, '', 0, NULL),
(279, 50000076, 'Rodríguez', 'María', 0, 0, '', 0, '', 0, NULL),
(280, 50000077, 'Torres', 'Juan', 0, 0, '', 0, '', 0, NULL),
(281, 50000078, 'García', 'Luis', 0, 0, '', 0, '', 0, NULL),
(282, 50000079, 'Ramírez', 'Paula', 0, 0, '', 0, '', 0, NULL),
(283, 50000080, 'Martínez', 'Diego', 0, 0, '', 0, '', 0, NULL),
(284, 50000081, 'Pérez', 'Laura', 0, 0, '', 0, '', 0, NULL),
(285, 50000082, 'Sánchez', 'Carlos', 0, 0, '', 0, '', 0, NULL),
(286, 50000083, 'González', 'Javier', 0, 0, '', 0, '', 0, NULL),
(287, 50000084, 'López', 'Ana', 0, 0, '', 0, '', 0, NULL),
(288, 50000085, 'Torres', 'María', 0, 0, '', 0, '', 0, NULL),
(289, 50000086, 'Fernández', 'Juan', 0, 0, '', 0, '', 0, NULL),
(290, 50000087, 'Rodríguez', 'Luis', 0, 0, '', 0, '', 0, NULL),
(291, 50000088, 'Ramírez', 'Diego', 0, 0, '', 0, '', 0, NULL),
(292, 50000089, 'Martínez', 'Paula', 0, 0, '', 0, '', 0, NULL),
(293, 50000090, 'Pérez', 'Laura', 0, 0, '', 0, '', 0, NULL),
(294, 50000091, 'Sánchez', 'Carlos', 0, 0, '', 0, '', 0, NULL),
(295, 50000092, 'González', 'Javier', 0, 0, '', 0, '', 0, NULL),
(296, 50000093, 'López', 'Ana', 0, 0, '', 0, '', 0, NULL),
(297, 50000094, 'Torres', 'María', 0, 0, '', 0, '', 0, NULL),
(298, 50000095, 'García', 'Juan', 0, 0, '', 0, '', 0, NULL),
(299, 50000096, 'Ramírez', 'Luis', 0, 0, '', 0, '', 0, NULL),
(300, 50000097, 'Martínez', 'Paula', 0, 0, '', 0, '', 0, NULL),
(301, 50000098, 'Pérez', 'Diego', -31.634675549541342, -60.71044921875, 'pdiego@gmail.com', 5432156, 'Estudiante Primaria', 0, '2023-10-07'),
(302, 50000099, 'González', 'Laura', -31.676758418795497, -60.7159423828125, 'lauragonzales@gmail.', 21312312, 'Educacion Secundaria', 0, '2023-10-01'),
(303, 50000100, 'Sánchez', 'Carlos', -31.658057274089902, -60.721435546875, 'sCarlos@gmail.com', 15468354, 'Estudiante Primaria', 0, '2012-10-05');

-- --------------------------------------------------------

--
-- Estructura de tabla para la tabla `fabricante`
--

CREATE TABLE `fabricante` (
  `idEmpresa` tinyint(5) NOT NULL,
  `Cuit` varchar(13) NOT NULL,
  `Nombre` varchar(20) NOT NULL,
  `Pais` varchar(20) NOT NULL,
  `Direccion` varchar(20) NOT NULL,
  `Stock` int(15) NOT NULL,
  `Viales` varchar(20) NOT NULL,
  `VolumenVial` tinyint(5) NOT NULL,
  `Estado` tinyint(1) NOT NULL
) ENGINE=InnoDB DEFAULT CHARSET=utf8mb4 COLLATE=utf8mb4_general_ci;

--
-- Volcado de datos para la tabla `fabricante`
--

INSERT INTO `fabricante` (`idEmpresa`, `Cuit`, `Nombre`, `Pais`, `Direccion`, `Stock`, `Viales`, `VolumenVial`, `Estado`) VALUES
(1, '50-12313223-0', 'Pfizer', 'Estados Unidos', '123 MainStreet NY', 500000000, 'Pfizer', 5, 0),
(2, '98-76543210-9', 'Johnson Johnson', 'Estados Unidos', 'Miami 3350', 47000000, 'Johnson Johnson', 10, 0),
(3, '17-54698759-9', 'AstraZeneca', 'Argentina', 'Buenos Aires', 164543534, 'AstraZeneca', 10, 0),
(4, '20-45698753-5', 'Sinopharm y Sinovac', 'Conurbano', 'Villa 11-14', 41231231, 'Sinopharm y Sinovac', 4, 0),
(5, '99-98765432-1', 'Sputnik V', 'Rusia', 'Moscu 4050', 170000000, 'Sputnik V', 5, 0);

-- --------------------------------------------------------

--
-- Estructura de tabla para la tabla `geo`
--

CREATE TABLE `geo` (
  `idGeo` tinyint(4) NOT NULL,
  `nombre` varchar(40) NOT NULL,
  `latitud` double NOT NULL,
  `longitud` double NOT NULL
) ENGINE=InnoDB DEFAULT CHARSET=utf8mb4 COLLATE=utf8mb4_general_ci;

--
-- Volcado de datos para la tabla `geo`
--

INSERT INTO `geo` (`idGeo`, `nombre`, `latitud`, `longitud`) VALUES
(1, 'CABA', -34.61180114746094, -58.417301177978516),
(2, 'La Plata', -34.92060089111328, -57.9536018371582),
(3, 'San Miguel de Tucumán', -26.808300018310547, -65.22260284423828),
(4, 'Salta', -24.782899856567383, -65.41290283203125),
(5, 'San Salvador de Jujuy', -24.185800552368164, -65.29949951171875),
(6, 'San Fernando del Valle de Catamarca', -28.469600677490234, -65.78520202636719),
(7, 'Resistencia', -27.451200485229492, -58.98659896850586),
(8, 'Santa Rosa', -36.617401123046875, -64.28820037841797),
(9, 'Neuquén', -38.95159912109375, -68.05909729003906),
(10, 'Viedma', -40.81129837036133, -63.00170135498047),
(11, 'Rawson', -43.29999923706055, -65.10230255126953),
(12, 'Ushuaia', -54.80400085449219, -68.30729675292969),
(13, 'La Rioja', -29.411100387573242, -66.85669708251953),
(14, 'San Juan', -31.537500381469727, -68.5363998413086),
(15, 'San Luis', -33.301700592041016, -66.33779907226562),
(16, 'Santa Fe', -31.618200302124023, -60.699501037597656),
(17, 'Córdoba', -31.42009925842285, -64.18879699707031),
(18, 'Rosario', -32.94219970703125, -60.661800384521484),
(19, 'Mendoza', -32.889400482177734, -68.8458023071289),
(20, 'San Carlos de Bariloche', -41.133399963378906, -71.310302734375),
(21, 'Mar del Plata', -38.00550079345703, -57.542598724365234),
(22, 'Gran Salta', -24.780099868774414, -65.41169738769531),
(23, 'Gran Santa Rosa', -36.61669921875, -64.28720092773438),
(24, 'San Rafael', -34.617698669433594, -68.3302993774414),
(25, 'Gran San Juan', -31.53569984436035, -68.5363998413086),
(26, 'Tandil', -37.32170104980469, -59.133201599121094),
(27, 'Gran Neuquén', -38.94889831542969, -68.1050033569336),
(28, 'Comodoro Rivadavia', -45.86439895629883, -67.49649810791016),
(29, 'Gran Junín', -34.58319854736328, -60.94499969482422),
(30, 'Gran Bahía Blanca', -38.71670150756836, -62.28329849243164),
(31, 'Santiago del Estero', -27.79509925842285, -64.2614974975586),
(32, 'Corrientes', -27.46980094909668, -58.830101013183594),
(33, 'Posadas', -27.36709976196289, -55.89609909057617);

-- --------------------------------------------------------

--
-- Estructura de tabla para la tabla `login`
--

CREATE TABLE `login` (
  `usuario` int(30) NOT NULL,
  `clave` varchar(30) NOT NULL,
  `idLogin` int(11) NOT NULL,
  `recordar` tinyint(2) NOT NULL,
  `ingresos` tinyint(10) NOT NULL,
  `estado` tinyint(4) NOT NULL,
  `etapa_ingreso` tinyint(1) NOT NULL
) ENGINE=InnoDB DEFAULT CHARSET=utf8mb4 COLLATE=utf8mb4_general_ci;

--
-- Volcado de datos para la tabla `login`
--

INSERT INTO `login` (`usuario`, `clave`, `idLogin`, `recordar`, `ingresos`, `estado`, `etapa_ingreso`) VALUES
(45555555, '45555', 25, 1, 0, 0, 0),
(34508715, '34508', 26, 0, 0, 0, 0),
(10079708, '10079', 27, 0, 0, 0, 1),
(50000001, 'pepe2', 30, 1, 0, 0, 1),
(50000002, 'pepe2', 32, 1, 0, 0, 1),
(25000001, 'IGiSHIU2b', 33, 1, 0, 0, 1),
(30000002, 'QIxvgD8Ff', 34, 1, 0, 0, 1),
(35000003, '2po0o4ekB', 35, 0, 0, 0, 0),
(40000004, 'XdRIRLWT4', 36, 0, 0, 0, 0),
(22000005, 'gcnmVLdrd', 37, 1, 0, 0, 1),
(26000006, 'LJIJNWPzO', 38, 1, 0, 0, 1),
(32000007, 'akGdcPcRT', 39, 0, 0, 0, 0),
(39000008, '3D5tp1Zc3', 40, 1, 0, 0, 1),
(43000009, 'GYairCHsu', 41, 0, 0, 0, 0),
(28000010, 'VdT6qRrLK', 42, 1, 0, 0, 1),
(27000011, 'QPAYqQjDO', 43, 1, 0, 0, 0),
(33000012, '4phX3CRNP', 44, 0, 0, 0, 0),
(38000013, 'jNDWIdgx5', 45, 1, 0, 0, 0),
(41000014, 'otJUiukUt', 46, 0, 0, 0, 0),
(24000015, 'LaaQeH9PT', 47, 0, 0, 0, 0),
(29000016, 'NRgrKO8Bt', 48, 0, 0, 0, 0),
(35000017, 'ZQmvaj2o0', 49, 0, 0, 0, 0),
(42000018, 'Zymtb6aaW', 50, 0, 0, 0, 0),
(36000019, '3bcaAkfEv', 51, 0, 0, 0, 0),
(44000020, 'sHyjIRfgz', 52, 0, 0, 0, 0),
(31000021, '0rKJBkTfy', 53, 0, 0, 0, 0),
(37000022, 'ogu9QxoLh', 54, 0, 0, 0, 0),
(45000023, 'PJQ0ciHia', 55, 0, 0, 0, 0),
(26000024, 'roRgh1vNP', 56, 1, 0, 0, 1),
(22000025, 'cEh21FpPo', 57, 1, 0, 0, 1),
(28000026, '3qlACCHtW', 58, 0, 0, 0, 0),
(23000027, '13omkqWXm', 59, 1, 0, 0, 1),
(30000028, 'xaPjqfwV1', 60, 0, 0, 0, 0),
(39000029, 'eRxRD58nb', 61, 0, 0, 0, 0),
(34000030, 'pepe1', 62, 1, 0, 0, 0),
(50000003, 'pepe3', 63, 1, 0, 0, 1),
(50000004, 'JEAFDKySh', 64, 0, 0, 0, 0),
(50000005, 'pepe', 65, 1, 0, 0, 1),
(50000006, 'B0ZslafSA', 66, 0, 0, 0, 0),
(50000007, 'BQHuNhtNH', 67, 0, 0, 0, 0),
(50000008, 'hVt5oDov3', 68, 0, 0, 0, 0),
(50000009, 'HYh1N4Mos', 69, 0, 0, 0, 0),
(50000010, 'sKjGOHkZZ', 70, 0, 0, 0, 0),
(50000011, 'PYYI7hNXH', 71, 0, 0, 0, 0),
(50000012, 'CjBZVwhmx', 72, 0, 0, 0, 0),
(50000013, 'Uqe37hfhs', 73, 0, 0, 0, 0),
(50000014, 'BlfJ1h40h', 74, 0, 0, 0, 0),
(50000015, '67lZXx7Xr', 75, 0, 0, 0, 0),
(50000016, 'XfRWmnBpy', 76, 0, 0, 0, 0),
(50000017, '5iMvHMXqu', 77, 0, 0, 0, 0),
(50000018, 'mUndElRcy', 78, 0, 0, 0, 0),
(50000019, '0Dcj398b3', 79, 0, 0, 0, 0),
(50000020, 'qv0mtqSXX', 80, 0, 0, 0, 0),
(50000021, '0k7BdwCT5', 81, 0, 0, 0, 0),
(50000022, 'XbE86GsTT', 82, 0, 0, 0, 0),
(50000023, 'YMn4B2IMT', 83, 0, 0, 0, 0),
(50000024, 'qg6sGRVrp', 84, 0, 0, 0, 0),
(50000025, '4Czpe7KYR', 85, 0, 0, 0, 0),
(50000026, 'HgMXtlSuG', 86, 0, 0, 0, 0),
(50000027, 'Q65q3KznY', 87, 0, 0, 0, 0),
(50000028, 'qWm9t9pg6', 88, 0, 0, 0, 0),
(50000029, '3mxDZTxpk', 89, 0, 0, 0, 0),
(50000030, 'U7urf9gpy', 90, 0, 0, 0, 0),
(50000031, '6uXRjxjqj', 91, 0, 0, 0, 0),
(50000032, 'nCjjGlL72', 92, 0, 0, 0, 0),
(50000033, '5JxxDBTIa', 93, 0, 0, 0, 0),
(50000034, '8mA8V9Tp5', 94, 0, 0, 0, 0),
(50000041, 'tvad3nAZt', 95, 0, 0, 0, 0),
(50000042, 'FqknC9WsC', 96, 0, 0, 0, 0),
(50000043, 'zR3tYRtVR', 97, 0, 0, 0, 0),
(50000044, 'caNxoPHt1', 98, 0, 0, 0, 0),
(50000045, 'XqNnVvjMr', 99, 0, 0, 0, 0),
(50000046, 'OYGegpM4o', 100, 0, 0, 0, 0),
(50000047, 'nyX8sRoJA', 101, 0, 0, 0, 0),
(50000049, '3uxUCZ4MO', 102, 0, 0, 0, 0),
(50000050, 'FVRbVbjV1', 103, 0, 0, 0, 0),
(50000051, 'PjgaKNBcX', 104, 0, 0, 0, 0),
(50000052, 'gMe6CLWPr', 105, 0, 0, 0, 0),
(50000053, 'GoRA9fRPp', 106, 0, 0, 0, 0),
(50000054, 'v4n3Rmzmp', 107, 0, 0, 0, 0),
(50000055, 'ObHQP7gSf', 108, 0, 0, 0, 0),
(50000056, 'oLjSc8g75', 109, 0, 0, 0, 0),
(50000057, 'LR7J3a2zg', 110, 0, 0, 0, 0),
(50000058, 'saOyv7Q4Y', 111, 0, 0, 0, 0),
(50000059, '2E8jJEi3j', 112, 0, 0, 0, 0),
(50000060, 'bpa8Xknuo', 113, 0, 0, 0, 0),
(50000061, 'poNGI7ywp', 114, 0, 0, 0, 0),
(50000062, 'r7a71GqEw', 115, 0, 0, 0, 0),
(50000063, '6di033Edr', 116, 0, 0, 0, 0),
(50000064, '2sDVGdAFS', 117, 0, 0, 0, 0),
(50000065, 'q7glMirIL', 118, 0, 0, 0, 0),
(50000066, '7CCx5BE1I', 119, 0, 0, 0, 0),
(50000067, 'bthhZvNUJ', 120, 0, 0, 0, 0),
(50000068, 'LWFz1Ly3m', 121, 0, 0, 0, 0),
(50000069, 'FK9POpzJl', 122, 0, 0, 0, 0),
(50000070, 'MrwU3zISV', 123, 0, 0, 0, 0),
(50000071, 'jx5PKDMUz', 124, 0, 0, 0, 0),
(50000072, 'VbVBg2Xl1', 125, 0, 0, 0, 0),
(50000073, 'nkZAoi2nc', 126, 0, 0, 0, 0),
(50000074, 'QpDj5j251', 127, 0, 0, 0, 0),
(50000075, 'yIjFCDPJN', 128, 0, 0, 0, 0),
(50000076, 'X4J5NP6F8', 129, 0, 0, 0, 0),
(50000077, '9PJ6Xh4s1', 130, 0, 0, 0, 0),
(50000078, 'axWkXDmsJ', 131, 0, 0, 0, 0),
(50000079, 'isqgJJvMP', 132, 0, 0, 0, 0),
(50000080, 'a0hksvXFZ', 133, 0, 0, 0, 0),
(50000081, 'pW35kTdzY', 134, 0, 0, 0, 0),
(50000082, 'fGxFOysag', 135, 0, 0, 0, 0),
(50000083, 'DtLq2wm4z', 136, 0, 0, 0, 0),
(50000084, 'k1DwPGOgy', 137, 0, 0, 0, 0),
(50000085, 'OHpDx6Fyk', 138, 1, 0, 0, 0),
(50000086, 'IBObtwfw6', 139, 0, 0, 0, 0),
(50000087, 'QHxtGVsg0', 140, 0, 0, 0, 0),
(50000088, 'u81Al1RD0', 141, 0, 0, 0, 0),
(50000089, 'aF9o9xW4f', 142, 0, 0, 0, 0),
(50000090, 'mT0poJRTy', 143, 0, 0, 0, 0),
(50000091, 'EuZRlEWQb', 144, 0, 0, 0, 0),
(50000092, 'oaBWvK42e', 145, 0, 0, 0, 0),
(50000093, 'gHB2ew9Is', 146, 0, 0, 0, 0),
(50000094, 'srFbqORy1', 147, 0, 0, 0, 0),
(50000095, 'QdAl5BEDy', 148, 1, 0, 0, 0),
(50000096, '6HeTOvUwx', 149, 0, 0, 0, 0),
(50000097, 'Gwad1zzxm', 150, 0, 0, 0, 0),
(50000098, 'JxdSbFPVw', 151, 1, 0, 0, 1),
(50000099, 'J03p6e9kH', 152, 1, 0, 0, 1),
(50000100, 'uiEhbSwGd', 153, 0, 0, 0, 1);

-- --------------------------------------------------------

--
-- Estructura de tabla para la tabla `patologias`
--

CREATE TABLE `patologias` (
  `DNI` int(20) NOT NULL,
  `Cardiovasculares` tinyint(1) NOT NULL,
  `Diabetes` tinyint(1) NOT NULL,
  `Respiratorias_Cronicas` tinyint(1) NOT NULL,
  `Inmunosupresion` tinyint(1) NOT NULL,
  `Obesidad` tinyint(1) NOT NULL,
  `Renales_cronicas` tinyint(1) NOT NULL,
  `Embarazo` tinyint(1) NOT NULL,
  `Hepaticas_cronicas` tinyint(1) NOT NULL,
  `Neurologicas` tinyint(1) NOT NULL,
  `otra` text DEFAULT NULL
) ENGINE=InnoDB DEFAULT CHARSET=utf8mb4 COLLATE=utf8mb4_general_ci;

--
-- Volcado de datos para la tabla `patologias`
--

INSERT INTO `patologias` (`DNI`, `Cardiovasculares`, `Diabetes`, `Respiratorias_Cronicas`, `Inmunosupresion`, `Obesidad`, `Renales_cronicas`, `Embarazo`, `Hepaticas_cronicas`, `Neurologicas`, `otra`) VALUES
(10079708, 0, 0, 1, 0, 0, 0, 0, 0, 0, 'cataratas'),
(22000005, 0, 0, 0, 0, 0, 0, 1, 0, 0, NULL),
(22000025, 0, 0, 1, 0, 0, 0, 0, 0, 0, NULL),
(23000027, 0, 0, 0, 0, 0, 0, 0, 0, 0, NULL),
(25000001, 0, 0, 0, 0, 0, 0, 0, 0, 0, NULL),
(26000006, 0, 0, 0, 0, 0, 0, 0, 0, 0, NULL),
(26000024, 0, 0, 0, 0, 0, 0, 0, 0, 0, NULL),
(28000010, 0, 0, 0, 0, 0, 0, 0, 0, 0, NULL),
(30000002, 0, 0, 0, 1, 1, 0, 0, 0, 0, NULL),
(34508715, 0, 0, 0, 0, 0, 0, 0, 0, 0, NULL),
(39000008, 0, 0, 0, 0, 0, 0, 0, 0, 0, NULL),
(50000001, 0, 0, 0, 0, 0, 0, 0, 0, 1, NULL),
(50000002, 0, 0, 0, 0, 0, 0, 0, 0, 0, 'pobrez'),
(50000003, 0, 0, 0, 0, 0, 0, 0, 0, 0, NULL),
(50000005, 0, 0, 0, 0, 0, 0, 0, 0, 0, 'java'),
(50000098, 0, 0, 0, 0, 0, 0, 0, 0, 0, NULL),
(50000099, 0, 0, 0, 0, 0, 0, 0, 0, 0, NULL),
(50000100, 0, 0, 0, 0, 0, 0, 0, 0, 0, NULL);

-- --------------------------------------------------------

--
-- Estructura de tabla para la tabla `pedidosstocks`
--

CREATE TABLE `pedidosstocks` (
  `idPedido` int(100) NOT NULL,
  `idCentro` tinyint(11) NOT NULL,
  `fecha` date NOT NULL,
  `Pfizer` int(100) NOT NULL,
  `Johnson_Johnson` int(100) NOT NULL,
  `AstraZeneca` int(100) NOT NULL,
  `Sinopharm_Sinovac` int(100) NOT NULL,
  `Sputnik` int(100) NOT NULL,
  `estado` varchar(20) NOT NULL
) ENGINE=InnoDB DEFAULT CHARSET=utf8mb4 COLLATE=utf8mb4_general_ci;

--
-- Volcado de datos para la tabla `pedidosstocks`
--

INSERT INTO `pedidosstocks` (`idPedido`, `idCentro`, `fecha`, `Pfizer`, `Johnson_Johnson`, `AstraZeneca`, `Sinopharm_Sinovac`, `Sputnik`, `estado`) VALUES
(4, 2, '2023-10-27', 5, 0, 0, 0, 0, 'Completo'),
(5, 2, '2023-10-27', 3, 2, 0, 0, 0, 'Pendiente');

-- --------------------------------------------------------

--
-- Estructura de tabla para la tabla `turnero_1`
--

CREATE TABLE `turnero_1` (
  `idTurnos` int(20) NOT NULL,
  `fecha` date NOT NULL,
  `idCentro` tinyint(20) NOT NULL,
  `8_9` tinyint(5) NOT NULL DEFAULT 5,
  `9_10` tinyint(5) NOT NULL DEFAULT 5,
  `10_11` tinyint(5) NOT NULL DEFAULT 5,
  `11_12` tinyint(5) NOT NULL DEFAULT 5,
  `12_13` tinyint(5) NOT NULL DEFAULT 5,
  `13_14` tinyint(5) NOT NULL DEFAULT 5,
  `14_15` tinyint(5) NOT NULL DEFAULT 5,
  `15_16` tinyint(5) NOT NULL DEFAULT 5,
  `16_17` tinyint(5) NOT NULL DEFAULT 5,
  `turnos_libres` int(30) NOT NULL
) ENGINE=InnoDB DEFAULT CHARSET=utf8mb4 COLLATE=utf8mb4_general_ci;

--
-- Volcado de datos para la tabla `turnero_1`
--

INSERT INTO `turnero_1` (`idTurnos`, `fecha`, `idCentro`, `8_9`, `9_10`, `10_11`, `11_12`, `12_13`, `13_14`, `14_15`, `15_16`, `16_17`, `turnos_libres`) VALUES
(1, '2000-01-01', 1, 5, 5, 5, 5, 5, 5, 5, 5, 5, 0),
(2, '2023-10-02', 1, 5, 0, 5, 5, 5, 0, 5, 5, 5, 35),
(3, '2023-10-03', 1, 0, 0, 0, 0, 0, 0, 0, 0, 0, 0),
(4, '2023-10-04', 1, 0, 0, 0, 0, 0, 0, 0, 0, 0, 0),
(5, '2023-10-05', 1, 0, 0, 0, 0, 3, 5, 2, 4, 4, 18),
(6, '2023-10-06', 1, 4, 5, 5, 5, 5, 5, 5, 5, 5, 44),
(7, '2023-10-07', 1, 5, 5, 5, 5, 5, 5, 5, 5, 5, 45),
(8, '2023-10-08', 1, 5, 5, 5, 5, 5, 5, 5, 5, 5, 45),
(9, '2023-10-09', 1, 5, 5, 5, 5, 5, 5, 5, 5, 5, 45),
(10, '2023-10-10', 1, 4, 5, 5, 5, 4, 5, 5, 5, 5, 43),
(11, '2023-10-11', 1, 5, 5, 5, 5, 5, 5, 5, 5, 5, 45),
(12, '2023-10-12', 1, 5, 5, 5, 5, 5, 5, 5, 5, 5, 45),
(13, '2023-10-13', 1, 5, 2, 5, 5, 5, 5, 5, 5, 5, 42),
(14, '2023-10-14', 1, 5, 5, 5, 5, 5, 5, 5, 5, 5, 45),
(15, '2023-10-15', 1, 5, 5, 5, 5, 5, 5, 5, 5, 5, 45),
(16, '2023-10-16', 1, 5, 5, 5, 5, 5, 5, 5, 5, 5, 45),
(17, '2023-10-17', 1, 5, 5, 5, 5, 5, 5, 5, 5, 5, 45),
(18, '2023-10-18', 1, 5, 5, 5, 5, 5, 5, 5, 5, 5, 45),
(19, '2023-10-19', 1, 5, 5, 5, 5, 5, 5, 5, 5, 5, 45),
(20, '2023-10-20', 1, 5, 5, 5, 5, 5, 5, 5, 5, 5, 45),
(21, '2023-10-21', 1, 5, 5, 5, 5, 5, 5, 5, 5, 5, 45),
(22, '2023-10-22', 1, 5, 5, 5, 5, 5, 5, 5, 5, 5, 45),
(23, '2023-10-23', 1, 5, 5, 5, 5, 5, 5, 5, 5, 5, 45),
(24, '2023-10-24', 1, 0, 0, 0, 0, 0, 0, 0, 0, 0, 0),
(25, '2023-10-25', 1, 5, 5, 5, 5, 5, 5, 5, 5, 5, 45),
(26, '2023-10-26', 1, 4, 5, 5, 5, 5, 5, 5, 5, 5, 45),
(27, '2023-10-27', 1, 5, 5, 5, 2, 5, 5, 4, 5, 4, 40),
(28, '2023-10-28', 1, 5, 5, 4, 5, 5, 5, 5, 5, 5, 45),
(29, '2023-10-29', 1, 5, 5, 5, 5, 5, 5, 5, 5, 5, 45),
(30, '2023-10-30', 1, 4, 5, 5, 5, 5, 5, 5, 5, 5, 45),
(31, '2023-10-31', 1, 5, 5, 5, 5, 5, 5, 5, 5, 5, 45),
(32, '2023-11-01', 1, 5, 5, 5, 5, 5, 5, 5, 5, 5, 45),
(33, '2023-11-02', 1, 5, 5, 5, 5, 5, 5, 5, 5, 5, 45),
(34, '2023-11-03', 1, 5, 5, 5, 5, 5, 5, 5, 5, 5, 45),
(35, '2023-11-04', 1, 5, 5, 5, 2, 5, 5, 5, 5, 5, 42),
(36, '2023-11-05', 1, 5, 5, 5, 5, 5, 5, 5, 5, 5, 45),
(37, '2023-11-06', 1, 5, 5, 5, 5, 5, 5, 5, 5, 5, 45),
(38, '2023-11-07', 1, 0, 0, 0, 2, 0, 0, 0, 0, 0, 38),
(39, '2023-11-08', 1, 5, 5, 5, 5, 5, 5, 5, 5, 5, 45),
(40, '2023-11-09', 1, 5, 5, 5, 5, 5, 5, 5, 5, 5, 45),
(41, '2023-11-10', 1, 5, 5, 5, 5, 5, 5, 5, 5, 5, 45),
(42, '2023-11-11', 1, 5, 5, 5, 5, 5, 5, 5, 5, 5, 45),
(43, '2023-11-12', 1, 5, 5, 5, 5, 5, 5, 5, 5, 5, 45),
(44, '2023-11-13', 1, 5, 5, 5, 5, 5, 5, 5, 5, 5, 45),
(45, '2023-11-14', 1, 5, 5, 5, 5, 5, 5, 5, 5, 5, 45),
(46, '2023-11-15', 1, 5, 5, 5, 5, 5, 5, 5, 5, 5, 45),
(47, '2023-11-16', 1, 5, 5, 5, 5, 5, 5, 5, 5, 5, 45),
(48, '2023-11-17', 1, 5, 5, 5, 5, 5, 5, 5, 5, 5, 45),
(49, '2023-11-18', 1, 5, 5, 4, 4, 5, 4, 5, 5, 4, 41),
(50, '2023-11-19', 1, 5, 5, 5, 5, 5, 5, 5, 5, 5, 45),
(51, '2023-11-20', 1, 5, 5, 5, 5, 5, 5, 5, 5, 5, 45),
(52, '2023-11-21', 1, 5, 5, 5, 5, 5, 5, 5, 5, 5, 45),
(53, '2023-11-22', 1, 5, 5, 5, 5, 5, 5, 5, 5, 5, 45),
(54, '2023-11-23', 1, 5, 5, 5, 5, 5, 5, 5, 5, 5, 45),
(55, '2023-11-24', 1, 5, 5, 5, 5, 5, 5, 5, 5, 5, 45),
(56, '2023-11-25', 1, 5, 5, 5, 5, 5, 5, 5, 5, 5, 45),
(57, '2023-11-26', 1, 5, 5, 1, 5, 5, 4, 5, 5, 5, 40),
(58, '2023-11-27', 1, 5, 5, 5, 5, 5, 5, 5, 5, 5, 45),
(59, '2023-11-28', 1, 5, 5, 5, 5, 5, 5, 5, 5, 5, 45),
(60, '2023-11-29', 1, 5, 5, 5, 5, 5, 5, 5, 5, 5, 45),
(61, '2023-11-30', 1, 5, 5, 5, 5, 5, 5, 5, 5, 5, 45),
(62, '2023-12-01', 1, 5, 5, 5, 5, 5, 5, 5, 5, 5, 45),
(63, '2023-12-02', 1, 5, 5, 5, 5, 5, 5, 5, 5, 5, 45),
(64, '2023-12-03', 1, 5, 5, 5, 5, 5, 5, 5, 5, 5, 45),
(65, '2023-12-04', 1, 5, 5, 5, 5, 5, 5, 5, 5, 5, 45),
(66, '2023-12-05', 1, 5, 5, 5, 5, 5, 5, 5, 5, 5, 45),
(67, '2023-12-06', 1, 5, 5, 5, 5, 5, 5, 5, 5, 5, 45),
(68, '2023-12-07', 1, 5, 5, 5, 5, 5, 5, 5, 5, 5, 45),
(69, '2023-12-08', 1, 5, 5, 5, 5, 5, 5, 5, 5, 5, 45),
(70, '2023-12-09', 1, 5, 5, 5, 5, 5, 5, 5, 5, 5, 45),
(71, '2023-12-10', 1, 5, 5, 5, 5, 5, 5, 5, 5, 5, 45),
(72, '2023-12-11', 1, 5, 5, 5, 5, 5, 5, 5, 5, 5, 45),
(73, '2023-12-12', 1, 5, 5, 5, 5, 5, 5, 5, 5, 5, 45),
(74, '2023-12-13', 1, 5, 5, 5, 5, 5, 4, 5, 5, 5, 44),
(75, '2023-12-14', 1, 5, 5, 5, 5, 5, 5, 5, 5, 5, 45),
(76, '2023-12-15', 1, 5, 5, 5, 5, 5, 5, 5, 5, 5, 45),
(77, '2023-12-16', 1, 5, 5, 5, 5, 5, 5, 5, 5, 5, 45),
(78, '2023-12-17', 1, 5, 5, 5, 5, 5, 5, 5, 5, 5, 45),
(79, '2023-12-18', 1, 5, 5, 5, 5, 5, 5, 5, 5, 5, 45),
(80, '2023-12-19', 1, 5, 5, 5, 5, 5, 5, 5, 5, 5, 45),
(81, '2023-12-20', 1, 5, 5, 5, 5, 5, 5, 5, 5, 5, 45),
(82, '2023-12-21', 1, 5, 5, 5, 5, 5, 5, 5, 5, 5, 45),
(83, '2023-12-22', 1, 5, 5, 5, 5, 5, 5, 5, 5, 5, 45),
(84, '2023-12-23', 1, 5, 5, 5, 5, 5, 5, 5, 5, 5, 45),
(85, '2023-12-24', 1, 5, 5, 5, 5, 5, 5, 5, 5, 5, 45),
(86, '2023-12-25', 1, 5, 5, 5, 5, 5, 5, 5, 5, 5, 45),
(87, '2023-12-26', 1, 5, 5, 5, 5, 5, 5, 5, 5, 5, 45),
(88, '2023-12-27', 1, 5, 5, 5, 5, 5, 5, 5, 5, 5, 45),
(89, '2023-12-28', 1, 5, 5, 5, 5, 5, 5, 5, 5, 5, 45),
(90, '2023-12-29', 1, 5, 5, 5, 5, 5, 5, 5, 5, 5, 45),
(91, '2023-12-30', 1, 5, 5, 5, 5, 5, 5, 5, 5, 5, 45),
(92, '2023-12-31', 1, 5, 5, 5, 5, 5, 5, 5, 5, 5, 45);

-- --------------------------------------------------------

--
-- Estructura de tabla para la tabla `turnero_2`
--

CREATE TABLE `turnero_2` (
  `idTurnos` tinyint(20) NOT NULL,
  `fecha` date NOT NULL,
  `idCentro` tinyint(20) NOT NULL,
  `8_9` tinyint(5) NOT NULL DEFAULT 5,
  `9_10` tinyint(5) NOT NULL DEFAULT 5,
  `10_11` tinyint(5) NOT NULL DEFAULT 5,
  `11_12` tinyint(5) NOT NULL DEFAULT 5,
  `12_13` tinyint(5) NOT NULL DEFAULT 5,
  `13_14` tinyint(5) NOT NULL DEFAULT 5,
  `14_15` tinyint(5) NOT NULL DEFAULT 5,
  `15_16` tinyint(5) NOT NULL DEFAULT 5,
  `16_17` tinyint(5) NOT NULL DEFAULT 5,
  `turnos_libres` int(11) NOT NULL
) ENGINE=InnoDB DEFAULT CHARSET=utf8mb4 COLLATE=utf8mb4_general_ci;

--
-- Volcado de datos para la tabla `turnero_2`
--

INSERT INTO `turnero_2` (`idTurnos`, `fecha`, `idCentro`, `8_9`, `9_10`, `10_11`, `11_12`, `12_13`, `13_14`, `14_15`, `15_16`, `16_17`, `turnos_libres`) VALUES
(1, '2000-01-01', 1, 5, 5, 5, 5, 5, 5, 5, 5, 5, 0),
(2, '2023-10-02', 1, 5, 0, 4, 5, 4, 0, 5, 4, 5, 32),
(3, '2023-10-03', 1, 0, 0, 0, 0, 0, 0, 0, 0, 0, -3),
(4, '2023-10-04', 1, 0, 0, 0, 0, 0, 0, 0, 0, 0, 0),
(5, '2023-10-05', 1, 0, 0, 0, 0, 2, 5, 1, 4, 4, 18),
(6, '2023-10-06', 1, 0, 0, 0, 0, 0, 0, 0, 0, 0, -2),
(7, '2023-10-07', 1, 0, 0, 0, 0, 0, 0, 0, 0, 0, 1),
(8, '2023-10-08', 1, 5, 5, 5, 4, 5, 4, 5, 5, 5, 44),
(9, '2023-10-09', 1, 5, 5, 5, 5, 5, 5, 4, 5, 5, 43),
(10, '2023-10-10', 1, 5, 5, 5, 2, 3, 5, 5, 5, 5, 44),
(11, '2023-10-11', 1, 5, 5, 4, 5, 5, 4, 5, 5, 5, 44),
(12, '2023-10-12', 1, 4, 5, 5, 5, 5, 5, 5, 5, 5, 44),
(13, '2023-10-13', 1, 5, 2, 5, 4, 5, 5, 5, 5, 5, 41),
(14, '2023-10-14', 1, 5, 5, 5, 5, 5, 5, 5, 4, 5, 44),
(15, '2023-10-15', 1, 5, 5, 5, 5, 5, 4, 5, 5, 5, 44),
(16, '2023-10-16', 1, 5, 5, 5, 5, 5, 5, 5, 3, 5, 44),
(17, '2023-10-17', 1, 5, 5, 5, 5, 5, 5, 4, 5, 5, 44),
(18, '2023-10-18', 1, 5, 5, 5, 5, 5, 5, 4, 5, 5, 44),
(19, '2023-10-19', 1, 5, 5, 5, 4, 5, 5, 5, 5, 5, 44),
(20, '2023-10-20', 1, 5, 5, 5, 5, 5, 4, 5, 5, 5, 44),
(21, '2023-10-21', 1, 4, 5, 5, 5, 5, 5, 5, 4, 5, 44),
(22, '2023-10-22', 1, 5, 5, 5, 5, 5, 5, 5, 4, 5, 44),
(23, '2023-10-23', 1, 5, 5, 5, 5, 5, 5, 5, 5, 4, 44),
(24, '2023-10-24', 1, 0, 0, 0, 0, 0, 0, 0, 0, 0, -1),
(25, '2023-10-25', 1, 5, 4, 5, 5, 5, 5, 5, 5, 5, 45),
(26, '2023-10-26', 1, 3, 4, 5, 4, 5, 5, 5, 5, 5, 44),
(27, '2023-10-27', 1, 5, 5, 5, 2, 4, 5, 4, 5, 4, 39),
(28, '2023-10-28', 1, 5, 5, 5, 5, 5, 5, 5, 5, 4, 44),
(29, '2023-10-29', 1, 5, 5, 5, 5, 5, 5, 5, 4, 5, 44),
(30, '2023-10-30', 1, 4, 5, 5, 5, 5, 5, 5, 5, 5, 44),
(31, '2023-10-31', 1, 5, 5, 5, 5, 5, 5, 5, 4, 5, 44),
(32, '2023-11-01', 1, 4, 5, 5, 5, 4, 5, 5, 5, 5, 43),
(33, '2023-11-02', 1, 5, 4, 5, 5, 5, 5, 5, 5, 5, 42),
(34, '2023-11-03', 1, 5, 5, 5, 5, 4, 5, 5, 5, 5, 38),
(35, '2023-11-04', 1, 5, 5, 4, 2, 5, 5, 5, 5, 5, 40),
(36, '2023-11-05', 1, 5, 5, 5, 5, 5, 5, 5, 5, 4, 44),
(37, '2023-11-06', 1, 5, 5, 5, 5, 4, 5, 5, 5, 5, 44),
(38, '2023-11-07', 1, 5, 5, 5, 5, 4, 4, 5, 5, 5, 39),
(39, '2023-11-08', 1, 5, 5, 5, 5, 5, 5, 5, 5, 5, 45),
(40, '2023-11-09', 1, 5, 5, 5, 5, 5, 5, 5, 5, 5, 45),
(41, '2023-11-10', 1, 5, 5, 5, 5, 5, 5, 5, 5, 5, 41),
(42, '2023-11-11', 1, 5, 5, 5, 5, 5, 5, 5, 5, 5, 45),
(43, '2023-11-12', 1, 5, 4, 5, 5, 5, 5, 5, 5, 5, 45),
(44, '2023-11-13', 1, 5, 5, 5, 5, 5, 5, 5, 5, 5, 45),
(45, '2023-11-14', 1, 5, 5, 5, 5, 5, 5, 5, 5, 5, 45),
(46, '2023-11-15', 1, 5, 5, 5, 5, 5, 5, 5, 5, 5, 45),
(47, '2023-11-16', 1, 5, 5, 5, 5, 5, 5, 5, 5, 5, 45),
(48, '2023-11-17', 1, 5, 5, 5, 5, 5, 5, 5, 5, 5, 45),
(49, '2023-11-18', 1, 5, 5, 4, 4, 5, 4, 5, 5, 4, 41),
(50, '2023-11-19', 1, 5, 5, 5, 5, 5, 5, 5, 5, 5, 45),
(51, '2023-11-20', 1, 5, 5, 5, 5, 5, 5, 5, 5, 5, 45),
(52, '2023-11-21', 1, 5, 5, 5, 5, 5, 5, 5, 5, 5, 45),
(53, '2023-11-22', 1, 5, 5, 4, 5, 5, 5, 5, 5, 5, 44),
(54, '2023-11-23', 1, 5, 5, 5, 5, 5, 5, 5, 5, 5, 45),
(55, '2023-11-24', 1, 5, 5, 4, 5, 5, 5, 5, 5, 5, 43),
(56, '2023-11-25', 1, 5, 5, 5, 5, 5, 5, 5, 5, 5, 45),
(57, '2023-11-26', 1, 5, 5, 1, 5, 5, 5, 5, 5, 5, 41),
(58, '2023-11-27', 1, 5, 5, 5, 5, 5, 5, 5, 5, 5, 45),
(59, '2023-11-28', 1, 5, 5, 5, 5, 5, 5, 5, 5, 5, 45),
(60, '2023-11-29', 1, 5, 5, 5, 5, 5, 5, 5, 5, 5, 45),
(61, '2023-11-30', 1, 5, 5, 5, 5, 5, 5, 5, 5, 4, 44),
(62, '2023-12-01', 1, 5, 5, 5, 5, 5, 5, 5, 5, 5, 45),
(63, '2023-12-02', 1, 5, 5, 5, 5, 5, 5, 5, 5, 5, 45),
(64, '2023-12-03', 1, 5, 5, 5, 5, 5, 5, 5, 5, 5, 45),
(65, '2023-12-04', 1, 5, 5, 5, 5, 5, 5, 5, 5, 5, 45),
(66, '2023-12-05', 1, 5, 5, 5, 5, 5, 5, 5, 5, 5, 45),
(67, '2023-12-06', 1, 5, 5, 5, 5, 5, 5, 5, 5, 5, 45),
(68, '2023-12-07', 1, 5, 5, 5, 5, 5, 5, 5, 5, 5, 45),
(69, '2023-12-08', 1, 5, 5, 5, 5, 5, 5, 5, 5, 5, 45),
(70, '2023-12-09', 1, 5, 5, 5, 5, 5, 5, 5, 5, 5, 45),
(71, '2023-12-10', 1, 5, 5, 5, 5, 5, 5, 5, 5, 5, 45),
(72, '2023-12-11', 1, 5, 5, 5, 5, 5, 5, 5, 5, 5, 45),
(73, '2023-12-12', 1, 5, 5, 5, 5, 5, 5, 5, 5, 5, 45),
(74, '2023-12-13', 1, 5, 5, 5, 5, 5, 5, 5, 5, 5, 45),
(75, '2023-12-14', 1, 5, 5, 5, 5, 5, 5, 5, 5, 5, 45),
(76, '2023-12-15', 1, 5, 5, 5, 5, 5, 5, 5, 5, 5, 45),
(77, '2023-12-16', 1, 5, 5, 5, 5, 5, 5, 5, 5, 5, 45),
(78, '2023-12-17', 1, 5, 5, 5, 5, 5, 5, 5, 5, 5, 45),
(79, '2023-12-18', 1, 5, 5, 5, 5, 5, 5, 5, 5, 5, 45),
(80, '2023-12-19', 1, 5, 5, 5, 5, 4, 5, 5, 5, 5, 44),
(81, '2023-12-20', 1, 5, 5, 5, 5, 5, 5, 5, 5, 5, 45),
(82, '2023-12-21', 1, 5, 5, 5, 5, 5, 5, 5, 5, 5, 45),
(83, '2023-12-22', 1, 5, 5, 5, 5, 5, 5, 5, 5, 5, 45),
(84, '2023-12-23', 1, 5, 5, 5, 5, 5, 5, 5, 5, 5, 45),
(85, '2023-12-24', 1, 5, 5, 5, 5, 5, 5, 5, 5, 5, 45),
(86, '2023-12-25', 1, 5, 5, 5, 5, 5, 5, 5, 5, 5, 45),
(87, '2023-12-26', 1, 5, 5, 5, 5, 5, 5, 5, 5, 5, 45),
(88, '2023-12-27', 1, 5, 5, 5, 5, 5, 5, 5, 5, 5, 45),
(89, '2023-12-28', 1, 5, 5, 5, 5, 5, 5, 5, 5, 5, 45),
(90, '2023-12-29', 1, 5, 5, 5, 5, 5, 5, 5, 5, 5, 45),
(91, '2023-12-30', 1, 5, 5, 5, 5, 5, 5, 5, 5, 5, 45),
(92, '2023-12-31', 1, 5, 5, 5, 5, 5, 5, 5, 5, 5, 45);

-- --------------------------------------------------------

--
-- Estructura de tabla para la tabla `turnero_3`
--

CREATE TABLE `turnero_3` (
  `idTurnos` tinyint(20) NOT NULL,
  `fecha` date NOT NULL,
  `idCentro` tinyint(20) NOT NULL,
  `8_9` tinyint(5) NOT NULL DEFAULT 5,
  `9_10` tinyint(5) NOT NULL DEFAULT 5,
  `10_11` tinyint(5) NOT NULL DEFAULT 5,
  `11_12` tinyint(5) NOT NULL DEFAULT 5,
  `12_13` tinyint(5) NOT NULL DEFAULT 5,
  `13_14` tinyint(5) NOT NULL DEFAULT 5,
  `14_15` tinyint(5) NOT NULL DEFAULT 5,
  `15_16` tinyint(5) NOT NULL DEFAULT 5,
  `16_17` tinyint(5) NOT NULL DEFAULT 5,
  `turnos_libres` int(11) NOT NULL
) ENGINE=InnoDB DEFAULT CHARSET=utf8mb4 COLLATE=utf8mb4_general_ci;

--
-- Volcado de datos para la tabla `turnero_3`
--

INSERT INTO `turnero_3` (`idTurnos`, `fecha`, `idCentro`, `8_9`, `9_10`, `10_11`, `11_12`, `12_13`, `13_14`, `14_15`, `15_16`, `16_17`, `turnos_libres`) VALUES
(1, '2000-01-01', 1, 5, 5, 5, 5, 5, 5, 5, 5, 5, 0),
(2, '2023-10-02', 1, 5, 0, 5, 5, 5, 0, 5, 5, 5, 30),
(3, '2023-10-03', 1, 0, 0, 0, 0, 0, 0, 0, 0, 0, 0),
(4, '2023-10-04', 1, 0, 0, 0, 0, 0, 0, 0, 0, 0, 0),
(5, '2023-10-05', 1, 0, 0, 0, 0, 3, 5, 2, 4, 4, 18),
(6, '2023-10-06', 1, 5, 5, 5, 5, 4, 5, 5, 5, 4, 43),
(7, '2023-10-07', 1, 5, 5, 5, 5, 5, 5, 5, 5, 5, 45),
(8, '2023-10-08', 1, 4, 5, 5, 5, 5, 4, 5, 5, 5, 43),
(9, '2023-10-09', 1, 5, 5, 5, 5, 4, 5, 5, 5, 5, 44),
(10, '2023-10-10', 1, 5, 5, 5, 5, 5, 5, 5, 5, 5, 45),
(11, '2023-10-11', 1, 5, 5, 5, 5, 5, 5, 5, 5, 5, 45),
(12, '2023-10-12', 1, 5, 5, 5, 5, 5, 5, 5, 5, 5, 45),
(13, '2023-10-13', 1, 5, 2, 5, 5, 5, 5, 5, 5, 5, 42),
(14, '2023-10-14', 1, 5, 5, 5, 5, 5, 5, 5, 5, 5, 45),
(15, '2023-10-15', 1, 5, 5, 5, 5, 5, 5, 5, 5, 5, 45),
(16, '2023-10-16', 1, 5, 5, 5, 5, 5, 5, 5, 5, 5, 45),
(17, '2023-10-17', 1, 5, 5, 5, 3, 4, 5, 5, 5, 5, 45),
(18, '2023-10-18', 1, 5, 5, 5, 5, 5, 5, 5, 5, 5, 45),
(19, '2023-10-19', 1, 5, 5, 5, 5, 5, 5, 5, 5, 5, 45),
(20, '2023-10-20', 1, 5, 5, 5, 5, 5, 5, 5, 5, 5, 45),
(21, '2023-10-21', 1, 1, 5, 5, 5, 5, 5, 5, 5, 5, 45),
(22, '2023-10-22', 1, 5, 5, 5, 5, 5, 5, 5, 5, 5, 45),
(23, '2023-10-23', 1, 5, 5, 5, 5, 5, 5, 5, 5, 5, 45),
(24, '2023-10-24', 1, 0, 0, 0, 0, 0, 0, 0, 0, 0, 0),
(25, '2023-10-25', 1, 5, 5, 5, 5, 5, 5, 5, 5, 5, 45),
(26, '2023-10-26', 1, 5, 5, 5, 5, 5, 5, 5, 5, 5, 45),
(27, '2023-10-27', 1, 5, 5, 5, 2, 5, 5, 4, 5, 4, 40),
(28, '2023-10-28', 1, 5, 5, 5, 5, 5, 5, 5, 5, 5, 45),
(29, '2023-10-29', 1, 4, 5, 5, 5, 5, 5, 5, 5, 5, 45),
(30, '2023-10-30', 1, 4, 5, 5, 5, 5, 5, 5, 5, 5, 45),
(31, '2023-10-31', 1, 5, 5, 5, 5, 5, 5, 5, 5, 5, 45),
(32, '2023-11-01', 1, 5, 5, 5, 5, 5, 4, 5, 5, 5, 42),
(33, '2023-11-02', 1, 5, 5, 5, 5, 5, 4, 5, 5, 5, 41),
(34, '2023-11-03', 1, 5, 5, 5, 5, 5, 5, 5, 5, 5, 21),
(35, '2023-11-04', 1, 5, 5, 5, 2, 5, 5, 5, 5, 5, 38),
(36, '2023-11-05', 1, 5, 5, 5, 5, 5, 5, 5, 5, 5, 45),
(37, '2023-11-06', 1, 5, 5, 5, 5, 5, 5, 5, 5, 5, 45),
(38, '2023-11-07', 1, 5, 5, 2, 4, 5, 5, 5, 4, 5, 39),
(39, '2023-11-08', 1, 5, 5, 5, 5, 5, 5, 5, 5, 5, 45),
(40, '2023-11-09', 1, 5, 5, 5, 5, 5, 5, 5, 5, 5, 45),
(41, '2023-11-10', 1, 5, 5, 5, 5, 5, 5, 5, 5, 5, 45),
(42, '2023-11-11', 1, 5, 5, 5, 5, 5, 5, 5, 5, 5, 45),
(43, '2023-11-12', 1, 5, 5, 5, 5, 5, 5, 5, 5, 5, 45),
(44, '2023-11-13', 1, 5, 5, 5, 5, 5, 5, 5, 5, 5, 45),
(45, '2023-11-14', 1, 5, 5, 5, 5, 5, 5, 5, 5, 5, 44),
(46, '2023-11-15', 1, 5, 5, 5, 5, 5, 5, 5, 5, 5, 45),
(47, '2023-11-16', 1, 5, 5, 5, 5, 5, 5, 5, 5, 5, 45),
(48, '2023-11-17', 1, 5, 5, 5, 5, 5, 5, 5, 5, 5, 45),
(49, '2023-11-18', 1, 5, 5, 4, 4, 5, 4, 5, 5, 4, 41),
(50, '2023-11-19', 1, 5, 5, 5, 5, 5, 5, 5, 5, 5, 45),
(51, '2023-11-20', 1, 5, 5, 5, 5, 5, 5, 5, 5, 5, 45),
(52, '2023-11-21', 1, 5, 5, 5, 5, 5, 5, 5, 5, 5, 45),
(53, '2023-11-22', 1, 5, 5, 5, 5, 5, 5, 5, 5, 5, 45),
(54, '2023-11-23', 1, 5, 5, 5, 5, 5, 5, 5, 5, 5, 45),
(55, '2023-11-24', 1, 5, 5, 5, 5, 5, 5, 5, 5, 5, 45),
(56, '2023-11-25', 1, 5, 5, 5, 5, 5, 5, 5, 5, 5, 45),
(57, '2023-11-26', 1, 5, 5, 2, 5, 5, 5, 5, 5, 5, 42),
(58, '2023-11-27', 1, 5, 5, 5, 5, 5, 5, 5, 5, 5, 45),
(59, '2023-11-28', 1, 5, 5, 5, 5, 5, 5, 5, 5, 5, 45),
(60, '2023-11-29', 1, 5, 5, 5, 5, 5, 5, 5, 5, 5, 45),
(61, '2023-11-30', 1, 5, 5, 5, 5, 5, 5, 5, 5, 5, 45),
(62, '2023-12-01', 1, 5, 5, 5, 5, 5, 5, 5, 5, 5, 45),
(63, '2023-12-02', 1, 5, 5, 5, 5, 5, 5, 5, 5, 5, 45),
(64, '2023-12-03', 1, 5, 5, 5, 5, 5, 5, 5, 5, 5, 45),
(65, '2023-12-04', 1, 5, 5, 5, 5, 5, 5, 5, 5, 5, 45),
(66, '2023-12-05', 1, 5, 5, 5, 5, 5, 5, 5, 5, 5, 45),
(67, '2023-12-06', 1, 5, 5, 5, 5, 5, 5, 5, 5, 5, 45),
(68, '2023-12-07', 1, 5, 5, 5, 5, 5, 5, 5, 5, 5, 45),
(69, '2023-12-08', 1, 5, 5, 5, 5, 5, 5, 5, 5, 5, 45),
(70, '2023-12-09', 1, 5, 5, 5, 5, 5, 5, 5, 5, 5, 45),
(71, '2023-12-10', 1, 5, 5, 5, 5, 5, 5, 5, 5, 5, 45),
(72, '2023-12-11', 1, 5, 5, 5, 5, 5, 5, 5, 5, 5, 45),
(73, '2023-12-12', 1, 5, 5, 5, 5, 5, 5, 5, 5, 5, 45),
(74, '2023-12-13', 1, 5, 5, 5, 5, 5, 5, 5, 5, 5, 45),
(75, '2023-12-14', 1, 5, 5, 5, 5, 5, 5, 5, 5, 5, 45),
(76, '2023-12-15', 1, 5, 5, 5, 5, 5, 5, 5, 5, 5, 45),
(77, '2023-12-16', 1, 5, 5, 5, 5, 5, 5, 5, 5, 5, 45),
(78, '2023-12-17', 1, 5, 5, 5, 5, 5, 5, 5, 5, 5, 45),
(79, '2023-12-18', 1, 5, 5, 5, 5, 5, 5, 5, 5, 5, 45),
(80, '2023-12-19', 1, 5, 5, 5, 5, 5, 5, 5, 5, 5, 45),
(81, '2023-12-20', 1, 5, 5, 5, 5, 5, 5, 5, 5, 5, 45),
(82, '2023-12-21', 1, 5, 5, 5, 5, 5, 5, 5, 5, 5, 45),
(83, '2023-12-22', 1, 5, 5, 5, 5, 5, 5, 5, 5, 5, 45),
(84, '2023-12-23', 1, 5, 5, 5, 5, 5, 5, 5, 5, 5, 45),
(85, '2023-12-24', 1, 5, 5, 5, 5, 5, 5, 5, 5, 5, 45),
(86, '2023-12-25', 1, 5, 5, 5, 5, 5, 5, 5, 5, 5, 45),
(87, '2023-12-26', 1, 5, 5, 5, 5, 5, 5, 5, 5, 5, 45),
(88, '2023-12-27', 1, 5, 5, 5, 5, 5, 5, 5, 5, 5, 45),
(89, '2023-12-28', 1, 5, 5, 5, 5, 5, 5, 5, 5, 5, 45),
(90, '2023-12-29', 1, 5, 5, 5, 5, 5, 5, 5, 5, 5, 45),
(91, '2023-12-30', 1, 5, 5, 5, 5, 5, 5, 5, 5, 5, 45),
(92, '2023-12-31', 1, 5, 5, 5, 5, 5, 5, 5, 5, 5, 45);

-- --------------------------------------------------------

--
-- Estructura de tabla para la tabla `turno`
--

CREATE TABLE `turno` (
  `idTurno` int(30) NOT NULL,
  `DNI` int(20) NOT NULL,
  `fechaTurno` datetime NOT NULL,
  `idCentro` tinyint(20) NOT NULL,
  `codigoRefuerzo` varchar(20) NOT NULL,
  `estado` varchar(20) NOT NULL,
  `idVial` int(30) DEFAULT NULL
) ENGINE=InnoDB DEFAULT CHARSET=utf8mb4 COLLATE=utf8mb4_general_ci;

--
-- Volcado de datos para la tabla `turno`
--

INSERT INTO `turno` (`idTurno`, `DNI`, `fechaTurno`, `idCentro`, `codigoRefuerzo`, `estado`, `idVial`) VALUES
(26, 45555555, '2023-10-10 12:00:00', 2, '1', 'completo', 1345),
(28, 45555555, '2023-11-07 13:00:00', 2, '2', 'completo', 1346),
(29, 45555555, '2023-12-19 12:00:00', 2, '3', 'completo', 1357),
(30, 34508715, '2023-09-11 10:00:00', 2, '1', 'Ausente', 1358),
(31, 45555555, '2023-10-02 10:00:00', 2, '4', 'completo', 1364),
(32, 34508715, '2023-10-05 12:00:00', 2, '2', 'completo', 1373),
(33, 25000001, '2023-10-07 16:00:00', 2, '1', 'Ausente', NULL),
(34, 30000002, '2023-10-08 11:00:00', 2, '1', 'completo', 1383),
(35, 35000003, '2023-10-09 12:00:00', 2, '1', 'completo', 1385),
(36, 45555555, '2023-10-02 15:00:00', 2, '4', 'completo', 1367),
(37, 34508715, '2023-10-05 14:00:00', 2, '2', 'completo', 1380),
(38, 45555555, '2023-10-02 12:00:00', 2, '4', 'completo', 1372),
(39, 34508715, '2023-10-05 14:00:00', 2, '2', 'completo', 1382),
(40, 30000002, '2023-10-08 13:00:00', 2, '1', 'completo', 1445),
(41, 35000003, '2023-10-09 14:00:00', 2, '1', 'completo', 1387),
(42, 40000004, '2023-10-12 11:00:00', 2, '1', 'completo', 1449),
(43, 22000005, '2023-10-11 13:00:00', 2, '1', 'completo', 1450),
(44, 26000006, '2023-10-12 08:00:00', 2, '1', 'completo', 1388),
(45, 32000007, '2023-10-13 11:00:00', 2, '1', 'completo', 1389),
(46, 39000008, '2023-10-14 15:00:00', 2, '1', 'completo', 1392),
(47, 43000009, '2023-10-15 13:00:00', 2, '1', 'completo', 1451),
(48, 28000010, '2023-10-16 15:00:00', 2, '1', 'completo', 1452),
(49, 27000011, '2023-10-17 14:00:00', 2, '1', 'completo', 1397),
(50, 33000012, '2023-10-18 14:00:00', 2, '1', 'completo', 1400),
(51, 38000013, '2023-11-07 00:00:00', 2, '1', 'Pendiente', 1403),
(52, 41000014, '2023-10-20 13:00:00', 2, '1', 'completo', 1410),
(53, 24000015, '2023-10-21 15:00:00', 2, '1', 'completo', 1458),
(54, 29000016, '2023-10-22 15:00:00', 2, '1', 'completo', 1412),
(55, 35000017, '2023-10-23 16:00:00', 2, '1', 'completo', 1419),
(56, 42000018, '2023-10-25 09:00:00', 2, '1', 'Cancelada', NULL),
(57, 36000019, '2023-10-26 09:00:00', 2, '1', 'completo', 1423),
(58, 44000020, '2023-10-27 12:00:00', 2, '1', 'completo', 1425),
(59, 31000021, '2023-10-28 16:00:00', 2, '1', 'completo', 1459),
(60, 37000022, '2023-10-29 15:00:00', 2, '1', 'completo', 1429),
(61, 45000023, '2023-10-30 08:00:00', 2, '1', 'completo', 1430),
(62, 26000024, '2023-10-04 15:00:00', 2, '1', 'completo', 1433),
(63, 22000025, '2023-11-01 08:00:00', 2, '1', 'completo', 1405),
(64, 28000026, '2023-11-02 09:00:00', 2, '1', 'completo', 1438),
(65, 23000027, '2023-11-03 12:00:00', 2, '1', 'completo', 1369),
(66, 30000028, '2023-11-04 10:00:00', 2, '1', 'completo', 1470),
(67, 39000029, '2023-11-05 16:00:00', 2, '1', 'completo', 1440),
(68, 34000030, '2023-11-12 12:00:00', 2, '1', 'completo', 1441),
(69, 33000012, '2023-10-12 17:22:53', 3, '2', 'completo', 1465),
(71, 33000012, '2023-10-12 17:22:53', 3, '2', 'completo', 1482),
(72, 10079708, '2023-11-07 00:00:00', 2, '1', 'Pendiente', NULL),
(73, 50000001, '2023-10-17 11:00:00', 3, '1', 'Cancelado', NULL),
(75, 50000001, '2023-11-07 00:00:00', 3, '1', 'Pendiente', NULL),
(77, 50000002, '2023-10-17 11:00:00', 3, '1', 'Cancelado', NULL),
(78, 50000002, '2023-11-01 13:00:00', 3, '1', 'completo', 1353),
(79, 50000005, '2023-11-12 09:00:00', 2, '1', 'Cancelado', NULL),
(80, 50000002, '2023-11-14 00:00:00', 3, '2', 'completo', 1356),
(81, 50000005, '2023-11-01 12:00:00', 2, '1', 'Pendiente', NULL),
(82, 50000002, '2023-10-19 01:46:47', 3, '2', 'completo', 1335),
(83, 50000002, '2023-11-07 15:00:00', 3, '1', 'Pendiente', NULL),
(85, 50000003, '2023-11-07 10:00:00', 3, '1', 'Pendiente', NULL),
(86, 50000100, '2023-11-07 00:00:00', 3, '1', 'Pendiente', NULL),
(87, 50000099, '2023-11-07 00:00:00', 3, '1', 'Pendiente', NULL),
(88, 50000098, '2023-11-07 00:00:00', 2, '1', 'Pendiente', NULL),
(89, 26000024, '2023-10-26 08:00:00', 2, '1', 'completo', 1393),
(90, 22000025, '2023-10-26 11:00:00', 2, '1', 'Pendiente', NULL),
(91, 28000010, '2023-10-26 08:00:00', 1, '1', 'completo', 1360),
(92, 39000008, '2023-10-26 08:00:00', 2, '1', 'completo', 1363),
(93, 39000008, '2023-11-22 10:00:00', 2, '2', 'completo', 1378),
(94, 39000008, '2023-11-24 10:00:00', 2, '3', 'completo', 1381),
(99, 22000025, '2023-11-24 00:00:00', 2, '2', 'completo', 1427),
(100, 25000001, '2023-10-28 10:00:00', 1, '1', 'Pendiente', NULL),
(101, 26000006, '2023-11-02 13:00:00', 3, '1', 'Pendiente', NULL),
(102, 30000002, '2023-11-26 13:00:00', 1, '1', 'completo', 1359),
(103, 22000005, '2023-10-30 08:00:00', 1, '1', 'completo', 1365),
(104, 22000005, '2023-11-26 10:00:00', 1, '2', 'completo', 1366),
(105, 22000005, '2023-12-13 13:00:00', 1, '3', 'completo', 1368),
(107, 23000027, '2023-10-30 08:00:00', 3, '1', 'Pendiente', NULL),
(108, 23000027, '2023-11-26 10:00:00', 2, '2', 'Pendiente', NULL);

-- --------------------------------------------------------

--
-- Estructura de tabla para la tabla `vacunatorio`
--

CREATE TABLE `vacunatorio` (
  `idCentro` tinyint(11) NOT NULL,
  `Nombre` varchar(100) NOT NULL,
  `Direccion` text NOT NULL,
  `latitud` double NOT NULL,
  `longitud` double NOT NULL,
  `Citas` tinyint(10) NOT NULL,
  `Estado` tinyint(1) NOT NULL,
  `idVial` tinyint(20) NOT NULL,
  `tipo` varchar(10) NOT NULL
) ENGINE=InnoDB DEFAULT CHARSET=utf8mb4 COLLATE=utf8mb4_general_ci;

--
-- Volcado de datos para la tabla `vacunatorio`
--

INSERT INTO `vacunatorio` (`idCentro`, `Nombre`, `Direccion`, `latitud`, `longitud`, `Citas`, `Estado`, `idVial`, `tipo`) VALUES
(0, '0', '', 0, 0, 0, 0, 0, ''),
(1, 'Polideportivo Municipal Puente Blanco', 'Avenida del Fundador - San Luis', -33.29444459, -66.30852712, 4, 0, 27, 'dani'),
(2, 'Hospital Central San Luis. Dr. Ramon Cardillo', 'Autopista de las Serranias Puntanas km 782. Juana Koslay - San Luis', -33.30583433, -66.28177771, 1, 0, 28, 'si'),
(3, 'Policlinico. Hospital San Luis.', 'Heroes de Malvinas 225 - San Luis', -33.29616258, -66.3193117, 1, 0, 16, '0');

-- --------------------------------------------------------

--
-- Estructura de tabla para la tabla `viales`
--

CREATE TABLE `viales` (
  `idVial` int(100) NOT NULL,
  `NumeroSerie` int(50) NOT NULL,
  `Marca` varchar(20) NOT NULL,
  `Antigeno` varchar(100) NOT NULL,
  `FechaVencimiento` date NOT NULL,
  `idLaboratorio` tinyint(20) NOT NULL,
  `Estado` tinyint(1) NOT NULL,
  `idVacunatorio` tinyint(20) DEFAULT NULL,
  `fechaColocacion` date DEFAULT NULL
) ENGINE=InnoDB DEFAULT CHARSET=utf8mb4 COLLATE=utf8mb4_general_ci;

--
-- Volcado de datos para la tabla `viales`
--

INSERT INTO `viales` (`idVial`, `NumeroSerie`, `Marca`, `Antigeno`, `FechaVencimiento`, `idLaboratorio`, `Estado`, `idVacunatorio`, `fechaColocacion`) VALUES
(1329, 213419, 'Sputnik V', 'Adenovirus rAd26::S de SARS-CoV-2', '2024-01-07', 5, 1, 1, '2023-10-10'),
(1330, 723303, 'Pfizer', 'ARNm de la proteina S del SARS-CoV-2', '2024-01-07', 1, 1, 3, '2023-10-10'),
(1331, 698874, 'Pfizer', 'ARNm de la proteina S del SARS-CoV-2', '2024-01-07', 1, 1, 3, '2023-10-10'),
(1332, 578563, 'Pfizer', 'ARNm de la proteina S del SARS-CoV-2', '2024-01-07', 1, 1, 1, '2023-10-10'),
(1333, 664030, 'Sinopharm y Sinovac', 'Partículas Viricas SARS-CoV-2 inactivadas', '2024-01-07', 4, 1, 2, '2023-10-10'),
(1334, 802446, 'Johnson_Johnson', 'Partículas Viricas SARS-CoV-2 inactivadas', '2024-01-07', 2, 1, 3, '2023-10-10'),
(1335, 395361, 'AstraZeneca', 'Adenovirus recombinante con [pS::SARS-CoV-2]', '2024-01-07', 3, 1, 3, '2023-10-10'),
(1336, 580860, 'Sinopharm y Sinovac', 'Partículas Viricas SARS-CoV-2 inactivadas', '2024-01-07', 4, 1, 3, '2023-10-10'),
(1337, 831908, 'Sputnik V', 'Adenovirus rAd26::S de SARS-CoV-2', '2024-01-07', 5, 1, 1, '2023-10-10'),
(1338, 323384, 'Sinopharm y Sinovac', 'Partículas Viricas SARS-CoV-2 inactivadas', '2024-01-07', 4, 1, 1, '2023-10-10'),
(1339, 536315, 'Pfizer', 'ARNm de la proteina S del SARS-CoV-2', '2024-01-07', 1, 1, 1, '2023-10-10'),
(1340, 134149, 'Sinopharm y Sinovac', 'Partículas Viricas SARS-CoV-2 inactivadas', '2024-01-07', 4, 1, 1, '2023-10-10'),
(1341, 595933, 'Johnson_Johnson', 'Partículas Viricas SARS-CoV-2 inactivadas', '2024-01-07', 2, 1, 2, '2023-10-10'),
(1342, 603913, 'Pfizer', 'ARNm de la proteina S del SARS-CoV-2', '2024-01-07', 1, 1, 1, '2023-10-10'),
(1343, 16126, 'Pfizer', 'ARNm de la proteina S del SARS-CoV-2', '2024-01-07', 1, 1, 1, '2023-10-10'),
(1344, 34907, 'Sinopharm y Sinovac', 'Partículas Viricas SARS-CoV-2 inactivadas', '2024-01-07', 4, 1, 1, '2023-10-10'),
(1345, 500176, 'Pfizer', 'ARNm de la proteina S del SARS-CoV-2', '2024-01-07', 1, 1, 2, '2023-10-10'),
(1346, 110370, 'Sinopharm y Sinovac', 'Partículas Viricas SARS-CoV-2 inactivadas', '2024-01-07', 4, 1, 2, '2023-10-10'),
(1347, 621555, 'Pfizer', 'ARNm de la proteina S del SARS-CoV-2', '2024-01-07', 1, 1, 1, '2023-10-10'),
(1348, 343204, 'Sputnik V', 'Adenovirus rAd26::S de SARS-CoV-2', '2024-01-07', 5, 1, 3, '2023-10-10'),
(1349, 426159, 'Sputnik V', 'Adenovirus rAd26::S de SARS-CoV-2', '2024-01-07', 5, 1, 3, '2023-10-10'),
(1350, 391416, 'Sputnik V', 'Adenovirus rAd26::S de SARS-CoV-2', '2024-01-07', 5, 1, 3, '2023-10-10'),
(1351, 393107, 'Johnson_Johnson', 'Partículas Viricas SARS-CoV-2 inactivadas', '2024-01-07', 2, 1, 3, '2023-10-10'),
(1352, 942885, 'Sinopharm y Sinovac', 'Partículas Viricas SARS-CoV-2 inactivadas', '2024-01-07', 4, 1, 3, '2023-10-10'),
(1353, 418084, 'Sputnik V', 'Adenovirus rAd26::S de SARS-CoV-2', '2024-01-07', 5, 1, 3, '2023-10-17'),
(1354, 450801, 'Johnson_Johnson', 'Partículas Viricas SARS-CoV-2 inactivadas', '2024-01-07', 2, 1, 1, '2023-10-10'),
(1355, 345224, 'Sinopharm y Sinovac', 'Partículas Viricas SARS-CoV-2 inactivadas', '2024-01-07', 4, 1, 1, '2023-10-10'),
(1356, 568489, 'Sputnik V', 'Adenovirus rAd26::S de SARS-CoV-2', '2024-01-07', 5, 1, 3, '2023-10-24'),
(1357, 391343, 'Sinopharm y Sinovac', 'Partículas Viricas SARS-CoV-2 inactivadas', '2024-01-07', 4, 1, 2, '2023-10-10'),
(1358, 884385, 'Pfizer', 'ARNm de la proteina S del SARS-CoV-2', '2024-01-07', 1, 1, 2, '2023-10-11'),
(1359, 205805, 'Johnson_Johnson', 'Partículas Viricas SARS-CoV-2 inactivadas', '2024-01-07', 2, 1, 2, '2023-10-29'),
(1360, 112942, 'AstraZeneca', 'Adenovirus recombinante con [pS::SARS-CoV-2]', '2024-01-07', 3, 1, 2, '2023-10-25'),
(1361, 963428, 'AstraZeneca', 'Adenovirus recombinante con [pS::SARS-CoV-2]', '2024-01-07', 3, 0, 3, NULL),
(1362, 545182, 'Sinopharm y Sinovac', 'Partículas Viricas SARS-CoV-2 inactivadas', '2024-01-07', 4, 0, 1, NULL),
(1363, 766196, 'AstraZeneca', 'Adenovirus recombinante con [pS::SARS-CoV-2]', '2024-01-07', 3, 1, 2, '2023-10-25'),
(1364, 515456, 'Sputnik V', 'Adenovirus rAd26::S de SARS-CoV-2', '2024-01-07', 5, 1, 2, '2023-10-12'),
(1365, 248867, 'Johnson_Johnson', 'Partículas Viricas SARS-CoV-2 inactivadas', '2024-01-07', 2, 1, 2, '2023-10-29'),
(1366, 282424, 'Johnson_Johnson', 'Partículas Viricas SARS-CoV-2 inactivadas', '2024-01-07', 2, 1, 2, '2023-10-29'),
(1367, 957224, 'AstraZeneca', 'Adenovirus recombinante con [pS::SARS-CoV-2]', '2024-01-07', 3, 1, 2, '2023-10-12'),
(1368, 858122, 'Johnson_Johnson', 'Partículas Viricas SARS-CoV-2 inactivadas', '2024-01-07', 2, 0, 1, '0000-00-00'),
(1369, 156141, 'Pfizer', 'ARNm de la proteina S del SARS-CoV-2', '2024-01-07', 1, 1, 2, '2023-10-29'),
(1370, 426594, 'Sinopharm y Sinovac', 'Partículas Viricas SARS-CoV-2 inactivadas', '2024-01-07', 4, 0, 1, NULL),
(1371, 885015, 'Johnson_Johnson', 'Partículas Viricas SARS-CoV-2 inactivadas', '2024-01-07', 2, 0, 2, NULL),
(1372, 472571, 'Sinopharm y Sinovac', 'Partículas Viricas SARS-CoV-2 inactivadas', '2024-01-07', 4, 1, 2, '2023-10-12'),
(1373, 514533, 'Sputnik V', 'Adenovirus rAd26::S de SARS-CoV-2', '2024-01-07', 5, 1, 2, '2023-10-12'),
(1374, 162144, 'Johnson_Johnson', 'Partículas Viricas SARS-CoV-2 inactivadas', '2024-01-07', 2, 0, 2, NULL),
(1375, 772233, 'Sputnik V', 'Adenovirus rAd26::S de SARS-CoV-2', '2024-01-07', 5, 0, NULL, NULL),
(1376, 874660, 'Johnson_Johnson', 'Partículas Viricas SARS-CoV-2 inactivadas', '2024-01-07', 2, 0, 2, NULL),
(1377, 242682, 'Pfizer', 'ARNm de la proteina S del SARS-CoV-2', '2024-01-07', 1, 0, 2, NULL),
(1378, 743048, 'AstraZeneca', 'Adenovirus recombinante con [pS::SARS-CoV-2]', '2024-01-07', 3, 1, 2, '2023-10-25'),
(1379, 56058, 'Pfizer', 'ARNm de la proteina S del SARS-CoV-2', '2024-01-07', 1, 0, 2, NULL),
(1380, 205501, 'Sinopharm y Sinovac', 'Partículas Viricas SARS-CoV-2 inactivadas', '2024-01-07', 4, 1, 2, '2023-10-12'),
(1381, 748147, 'Sinopharm y Sinovac', 'Partículas Viricas SARS-CoV-2 inactivadas', '2024-01-07', 4, 1, 2, '2023-10-26'),
(1382, 663599, 'Sinopharm y Sinovac', 'Partículas Viricas SARS-CoV-2 inactivadas', '2024-01-07', 4, 1, 2, '2023-10-12'),
(1383, 793639, 'Pfizer', 'ARNm de la proteina S del SARS-CoV-2', '2024-01-07', 1, 1, 2, '2023-10-12'),
(1384, 561248, 'Pfizer', 'ARNm de la proteina S del SARS-CoV-2', '2024-01-07', 1, 0, 2, NULL),
(1385, 818560, 'AstraZeneca', 'Adenovirus recombinante con [pS::SARS-CoV-2]', '2024-01-07', 3, 1, 2, '2023-10-12'),
(1386, 397817, 'Sputnik V', 'Adenovirus rAd26::S de SARS-CoV-2', '2024-01-07', 5, 0, NULL, NULL),
(1387, 18889, 'Johnson_Johnson', 'Partículas Viricas SARS-CoV-2 inactivadas', '2024-01-07', 2, 1, 2, '2023-10-12'),
(1388, 141899, 'Johnson_Johnson', 'Partículas Viricas SARS-CoV-2 inactivadas', '2024-01-07', 2, 1, 2, '2023-10-12'),
(1389, 429994, 'Sputnik V', 'Adenovirus rAd26::S de SARS-CoV-2', '2024-01-07', 5, 1, 2, '2023-10-12'),
(1390, 165566, 'Pfizer', 'ARNm de la proteina S del SARS-CoV-2', '2024-01-07', 1, 0, 2, NULL),
(1391, 781452, 'AstraZeneca', 'Adenovirus recombinante con [pS::SARS-CoV-2]', '2024-01-07', 3, 0, 3, NULL),
(1392, 541005, 'Sinopharm y Sinovac', 'Partículas Viricas SARS-CoV-2 inactivadas', '2024-01-07', 4, 1, 2, '2023-10-12'),
(1393, 156986, 'AstraZeneca', 'Adenovirus recombinante con [pS::SARS-CoV-2]', '2024-01-07', 3, 1, 2, '2023-10-27'),
(1394, 371960, 'Sinopharm y Sinovac', 'Partículas Viricas SARS-CoV-2 inactivadas', '2024-01-07', 4, 0, 2, NULL),
(1395, 279292, 'Johnson_Johnson', 'Partículas Viricas SARS-CoV-2 inactivadas', '2024-01-07', 2, 0, 2, NULL),
(1396, 733483, 'Pfizer', 'ARNm de la proteina S del SARS-CoV-2', '2024-01-07', 1, 0, 2, NULL),
(1397, 221145, 'Sinopharm y Sinovac', 'Partículas Viricas SARS-CoV-2 inactivadas', '2024-01-07', 4, 1, 2, '2023-10-12'),
(1398, 898861, 'Johnson_Johnson', 'Partículas Viricas SARS-CoV-2 inactivadas', '2024-01-07', 2, 0, NULL, NULL),
(1399, 770797, 'Pfizer', 'ARNm de la proteina S del SARS-CoV-2', '2024-01-07', 1, 0, 2, NULL),
(1400, 397863, 'AstraZeneca', 'Adenovirus recombinante con [pS::SARS-CoV-2]', '2024-01-07', 3, 1, 2, '2023-10-12'),
(1401, 661604, 'Sputnik V', 'Adenovirus rAd26::S de SARS-CoV-2', '2024-01-07', 5, 0, NULL, NULL),
(1402, 303244, 'Sputnik V', 'Adenovirus rAd26::S de SARS-CoV-2', '2024-01-07', 5, 0, NULL, NULL),
(1403, 820438, 'AstraZeneca', 'Adenovirus recombinante con [pS::SARS-CoV-2]', '2024-01-07', 3, 1, 2, '2023-10-12'),
(1404, 132154, 'Pfizer', 'ARNm de la proteina S del SARS-CoV-2', '2024-01-07', 1, 0, 2, NULL),
(1405, 650604, 'AstraZeneca', 'Adenovirus recombinante con [pS::SARS-CoV-2]', '2024-01-07', 3, 1, 2, '2023-10-27'),
(1406, 196935, 'Sputnik V', 'Adenovirus rAd26::S de SARS-CoV-2', '2024-01-07', 5, 0, NULL, NULL),
(1407, 893954, 'Johnson_Johnson', 'Partículas Viricas SARS-CoV-2 inactivadas', '2024-01-07', 2, 0, NULL, NULL),
(1408, 889082, 'Pfizer', 'ARNm de la proteina S del SARS-CoV-2', '2024-01-07', 1, 0, 2, NULL),
(1409, 611273, 'Sinopharm y Sinovac', 'Partículas Viricas SARS-CoV-2 inactivadas', '2024-01-07', 4, 0, 1, NULL),
(1410, 645708, 'Sputnik V', 'Adenovirus rAd26::S de SARS-CoV-2', '2024-01-07', 5, 1, 2, '2023-10-12'),
(1411, 374667, 'Sinopharm y Sinovac', 'Partículas Viricas SARS-CoV-2 inactivadas', '2024-01-07', 4, 0, 1, NULL),
(1412, 566851, 'AstraZeneca', 'Adenovirus recombinante con [pS::SARS-CoV-2]', '2024-01-07', 3, 1, 2, '2023-10-12'),
(1413, 522224, 'Sinopharm y Sinovac', 'Partículas Viricas SARS-CoV-2 inactivadas', '2024-01-07', 4, 0, 1, NULL),
(1414, 332948, 'Sputnik V', 'Adenovirus rAd26::S de SARS-CoV-2', '2024-01-07', 5, 0, NULL, NULL),
(1415, 721994, 'Sputnik V', 'Adenovirus rAd26::S de SARS-CoV-2', '2024-01-07', 5, 0, NULL, NULL),
(1416, 145629, 'Pfizer', 'ARNm de la proteina S del SARS-CoV-2', '2024-01-07', 1, 0, 2, NULL),
(1417, 614871, 'Johnson_Johnson', 'Partículas Viricas SARS-CoV-2 inactivadas', '2024-01-07', 2, 0, NULL, NULL),
(1418, 484060, 'Sputnik V', 'Adenovirus rAd26::S de SARS-CoV-2', '2024-01-07', 5, 0, NULL, NULL),
(1419, 736335, 'Pfizer', 'ARNm de la proteina S del SARS-CoV-2', '2024-01-07', 1, 1, 2, '2023-10-12'),
(1420, 57870, 'Sputnik V', 'Adenovirus rAd26::S de SARS-CoV-2', '2024-01-07', 5, 0, NULL, NULL),
(1421, 584395, 'Johnson_Johnson', 'Partículas Viricas SARS-CoV-2 inactivadas', '2024-01-07', 2, 0, NULL, NULL),
(1422, 142549, 'Johnson_Johnson', 'Partículas Viricas SARS-CoV-2 inactivadas', '2024-01-07', 2, 0, NULL, NULL),
(1423, 731467, 'Sputnik V', 'Adenovirus rAd26::S de SARS-CoV-2', '2024-01-07', 5, 1, 2, '2023-10-12'),
(1424, 622121, 'Johnson_Johnson', 'Partículas Viricas SARS-CoV-2 inactivadas', '2024-01-07', 2, 0, NULL, NULL),
(1425, 444101, 'Johnson_Johnson', 'Partículas Viricas SARS-CoV-2 inactivadas', '2024-01-07', 2, 1, 2, '2023-10-12'),
(1426, 327145, 'Pfizer', 'ARNm de la proteina S del SARS-CoV-2', '2024-01-07', 1, 0, 2, NULL),
(1427, 846219, 'Sinopharm y Sinovac', 'Partículas Viricas SARS-CoV-2 inactivadas', '2024-01-07', 4, 1, 2, '2023-10-27'),
(1428, 355369, 'Sinopharm y Sinovac', 'Partículas Viricas SARS-CoV-2 inactivadas', '2024-01-07', 4, 0, 2, NULL),
(1429, 255441, 'AstraZeneca', 'Adenovirus recombinante con [pS::SARS-CoV-2]', '2024-01-07', 3, 1, 2, '2023-10-12'),
(1430, 881591, 'Sinopharm y Sinovac', 'Partículas Viricas SARS-CoV-2 inactivadas', '2024-01-07', 4, 1, 2, '2023-10-12'),
(1431, 751627, 'Sputnik V', 'Adenovirus rAd26::S de SARS-CoV-2', '2024-01-07', 5, 0, NULL, NULL),
(1432, 808062, 'Sinopharm y Sinovac', 'Partículas Viricas SARS-CoV-2 inactivadas', '2024-01-07', 4, 0, 2, NULL),
(1433, 162238, 'Sinopharm y Sinovac', 'Partículas Viricas SARS-CoV-2 inactivadas', '2024-01-07', 4, 1, 2, '2023-10-12'),
(1434, 454699, 'Sinopharm y Sinovac', 'Partículas Viricas SARS-CoV-2 inactivadas', '2024-01-07', 4, 0, 2, NULL),
(1435, 627926, 'AstraZeneca', 'Adenovirus recombinante con [pS::SARS-CoV-2]', '2024-01-07', 3, 0, 3, NULL),
(1436, 238768, 'Sputnik V', 'Adenovirus rAd26::S de SARS-CoV-2', '2024-01-07', 5, 0, NULL, NULL),
(1437, 447730, 'Sputnik V', 'Adenovirus rAd26::S de SARS-CoV-2', '2024-01-07', 5, 0, NULL, NULL),
(1438, 17972, 'Pfizer', 'ARNm de la proteina S del SARS-CoV-2', '2024-01-07', 1, 1, 2, '2023-10-12'),
(1439, 497652, 'Sputnik V', 'Adenovirus rAd26::S de SARS-CoV-2', '2024-01-07', 5, 0, NULL, NULL),
(1440, 962095, 'Johnson_Johnson', 'Partículas Viricas SARS-CoV-2 inactivadas', '2024-01-07', 2, 1, 2, '2023-10-12'),
(1441, 716818, 'AstraZeneca', 'Adenovirus recombinante con [pS::SARS-CoV-2]', '2024-01-07', 3, 1, 2, '2023-10-12'),
(1442, 641602, 'Sinopharm y Sinovac', 'Partículas Viricas SARS-CoV-2 inactivadas', '2024-01-07', 4, 0, 2, NULL),
(1443, 806793, 'Johnson_Johnson', 'Partículas Viricas SARS-CoV-2 inactivadas', '2024-01-07', 2, 0, NULL, NULL),
(1444, 563774, 'Sinopharm y Sinovac', 'Partículas Viricas SARS-CoV-2 inactivadas', '2024-01-07', 4, 0, 2, NULL),
(1445, 783427, 'AstraZeneca', 'Adenovirus recombinante con [pS::SARS-CoV-2]', '2024-01-07', 3, 1, 2, '2023-10-12'),
(1446, 906854, 'Pfizer', 'ARNm de la proteina S del SARS-CoV-2', '2024-01-07', 1, 0, 2, NULL),
(1447, 545337, 'AstraZeneca', 'Adenovirus recombinante con [pS::SARS-CoV-2]', '2024-01-07', 3, 0, 3, NULL),
(1448, 380977, 'Pfizer', 'ARNm de la proteina S del SARS-CoV-2', '2024-01-07', 1, 0, 2, NULL),
(1449, 414220, 'AstraZeneca', 'Adenovirus recombinante con [pS::SARS-CoV-2]', '2024-01-07', 3, 1, 2, '2023-10-12'),
(1450, 333850, 'Sputnik V', 'Adenovirus rAd26::S de SARS-CoV-2', '2024-01-07', 5, 1, 2, '2023-10-12'),
(1451, 191734, 'Johnson_Johnson', 'Partículas Viricas SARS-CoV-2 inactivadas', '2024-01-07', 2, 1, 2, '2023-10-12'),
(1452, 693740, 'Sinopharm y Sinovac', 'Partículas Viricas SARS-CoV-2 inactivadas', '2024-01-07', 4, 1, 2, '2023-10-12'),
(1453, 744892, 'Johnson_Johnson', 'Partículas Viricas SARS-CoV-2 inactivadas', '2024-01-07', 2, 0, NULL, NULL),
(1454, 548452, 'Sputnik V', 'Adenovirus rAd26::S de SARS-CoV-2', '2024-01-07', 5, 0, NULL, NULL),
(1455, 352710, 'Sinopharm y Sinovac', 'Partículas Viricas SARS-CoV-2 inactivadas', '2024-01-07', 4, 0, 2, NULL),
(1456, 965002, 'Pfizer', 'ARNm de la proteina S del SARS-CoV-2', '2024-01-07', 1, 0, 2, NULL),
(1457, 944112, 'Sinopharm y Sinovac', 'Partículas Viricas SARS-CoV-2 inactivadas', '2024-01-07', 4, 0, 2, NULL),
(1458, 600474, 'Pfizer', 'ARNm de la proteina S del SARS-CoV-2', '2024-01-07', 1, 1, 2, '2023-10-12'),
(1459, 150506, 'Sputnik V', 'Adenovirus rAd26::S de SARS-CoV-2', '2024-01-07', 5, 1, 2, '2023-10-12'),
(1460, 202088, 'Sputnik V', 'Adenovirus rAd26::S de SARS-CoV-2', '2024-01-07', 5, 0, NULL, NULL),
(1461, 552673, 'Johnson_Johnson', 'Partículas Viricas SARS-CoV-2 inactivadas', '2024-01-07', 2, 0, NULL, NULL),
(1462, 877626, 'Pfizer', 'ARNm de la proteina S del SARS-CoV-2', '2024-01-07', 1, 0, 2, NULL),
(1463, 184071, 'Sputnik V', 'Adenovirus rAd26::S de SARS-CoV-2', '2024-01-07', 5, 0, NULL, NULL),
(1464, 91598, 'Pfizer', 'ARNm de la proteina S del SARS-CoV-2', '2024-01-07', 1, 0, 2, NULL),
(1465, 871735, 'AstraZeneca', 'Adenovirus recombinante con [pS::SARS-CoV-2]', '2024-01-07', 3, 0, 3, NULL),
(1466, 435609, 'Johnson_Johnson', 'Partículas Viricas SARS-CoV-2 inactivadas', '2024-01-07', 2, 0, NULL, NULL),
(1467, 258869, 'Johnson_Johnson', 'Partículas Viricas SARS-CoV-2 inactivadas', '2024-01-07', 2, 0, NULL, NULL),
(1468, 982497, 'Pfizer', 'ARNm de la proteina S del SARS-CoV-2', '2024-01-07', 1, 1, 2, '2023-10-12'),
(1469, 814068, 'Sinopharm y Sinovac', 'Partículas Viricas SARS-CoV-2 inactivadas', '2024-01-07', 4, 0, 2, NULL),
(1470, 284490, 'Pfizer', 'ARNm de la proteina S del SARS-CoV-2', '2024-01-07', 1, 1, 2, '2023-10-12'),
(1471, 41887, 'Pfizer', 'ARNm de la proteina S del SARS-CoV-2', '2024-01-07', 1, 0, 2, NULL),
(1472, 58797, 'AstraZeneca', 'Adenovirus recombinante con [pS::SARS-CoV-2]', '2024-01-07', 3, 0, 3, NULL),
(1473, 765985, 'Pfizer', 'ARNm de la proteina S del SARS-CoV-2', '2024-01-07', 1, 0, 2, NULL),
(1474, 234950, 'Sinopharm y Sinovac', 'Partículas Viricas SARS-CoV-2 inactivadas', '2024-01-07', 4, 0, 2, NULL),
(1475, 354100, 'Pfizer', 'ARNm de la proteina S del SARS-CoV-2', '2024-01-07', 1, 0, 2, NULL),
(1476, 153597, 'Johnson_Johnson', 'Partículas Viricas SARS-CoV-2 inactivadas', '2024-01-07', 2, 0, NULL, NULL),
(1477, 235224, 'Johnson_Johnson', 'Partículas Viricas SARS-CoV-2 inactivadas', '2024-01-07', 2, 0, NULL, NULL),
(1479, 962042, 'AstraZeneca', 'Adenovirus recombinante con [pS::SARS-CoV-2]', '2024-01-07', 3, 0, 3, NULL),
(1480, 610320, 'Johnson_Johnson', 'Partículas Viricas SARS-CoV-2 inactivadas', '2024-01-07', 2, 0, 1, NULL),
(1481, 381274, 'Sputnik V', 'Adenovirus rAd26::S de SARS-CoV-2', '2024-01-07', 5, 0, NULL, NULL),
(1482, 520793, 'AstraZeneca', 'Adenovirus recombinante con [pS::SARS-CoV-2]', '2024-01-07', 3, 0, 3, NULL),
(1483, 473336, 'Pfizer', 'ARNm de la proteina S del SARS-CoV-2', '2024-01-07', 1, 0, 2, NULL),
(1484, 394868, 'Sputnik V', 'Adenovirus rAd26::S de SARS-CoV-2', '2024-01-07', 5, 0, NULL, NULL),
(1485, 939746, 'AstraZeneca', 'Adenovirus recombinante con [pS::SARS-CoV-2]', '2024-01-07', 3, 0, 3, NULL),
(1486, 752565, 'Sinopharm y Sinovac', 'Partículas Viricas SARS-CoV-2 inactivadas', '2024-01-07', 4, 0, 2, NULL),
(1487, 277892, 'AstraZeneca', 'Adenovirus recombinante con [pS::SARS-CoV-2]', '2024-01-07', 3, 0, 3, NULL),
(1488, 303979, 'AstraZeneca', 'Adenovirus recombinante con [pS::SARS-CoV-2]', '2024-01-07', 3, 0, 3, NULL),
(1489, 561122, 'Johnson_Johnson', 'Partículas Viricas SARS-CoV-2 inactivadas', '2024-01-07', 2, 0, NULL, NULL),
(1490, 239904, 'AstraZeneca', 'Adenovirus recombinante con [pS::SARS-CoV-2]', '2024-01-07', 3, 0, NULL, NULL),
(1491, 407213, 'AstraZeneca', 'Adenovirus recombinante con [pS::SARS-CoV-2]', '2024-01-07', 3, 0, NULL, NULL),
(1492, 600475, 'Johnson_Johnson', 'Partículas Viricas SARS-CoV-2 inactivadas', '2024-01-07', 2, 0, NULL, NULL),
(1493, 186778, 'Sputnik V', 'Adenovirus rAd26::S de SARS-CoV-2', '2024-01-07', 5, 0, NULL, NULL),
(1494, 524400, 'Johnson_Johnson', 'Partículas Viricas SARS-CoV-2 inactivadas', '2024-01-07', 2, 0, 1, NULL),
(1495, 708600, 'Johnson_Johnson', 'Partículas Viricas SARS-CoV-2 inactivadas', '2024-01-07', 2, 0, NULL, NULL),
(1496, 735122, 'Sinopharm y Sinovac', 'Partículas Viricas SARS-CoV-2 inactivadas', '2024-01-07', 4, 0, 1, NULL),
(1497, 781473, 'Johnson_Johnson', 'Partículas Viricas SARS-CoV-2 inactivadas', '2024-01-07', 2, 0, NULL, NULL),
(1498, 208407, 'AstraZeneca', 'Adenovirus recombinante con [pS::SARS-CoV-2]', '2024-01-07', 3, 0, NULL, NULL),
(1499, 849263, 'AstraZeneca', 'Adenovirus recombinante con [pS::SARS-CoV-2]', '2024-01-07', 3, 0, NULL, NULL),
(1500, 987755, 'AstraZeneca', 'Adenovirus recombinante con [pS::SARS-CoV-2]', '2024-01-07', 3, 0, NULL, NULL),
(1501, 531524, 'Sinopharm y Sinovac', 'Partículas Viricas SARS-CoV-2 inactivadas', '2024-01-07', 4, 0, 1, NULL),
(1502, 141019, 'Sinopharm y Sinovac', 'Partículas Viricas SARS-CoV-2 inactivadas', '2024-01-07', 4, 0, 1, NULL),
(1503, 377220, 'Sputnik V', 'Adenovirus rAd26::S de SARS-CoV-2', '2024-01-07', 5, 0, NULL, NULL),
(1504, 876839, 'AstraZeneca', 'Adenovirus recombinante con [pS::SARS-CoV-2]', '2024-01-07', 3, 0, NULL, NULL),
(1505, 501671, 'Pfizer', 'ARNm de la proteina S del SARS-CoV-2', '2024-01-07', 1, 0, 2, NULL),
(1506, 527941, 'Johnson_Johnson', 'Partículas Viricas SARS-CoV-2 inactivadas', '2024-01-07', 2, 0, 1, NULL),
(1508, 47069, 'AstraZeneca', 'Adenovirus recombinante con [pS::SARS-CoV-2]', '2024-01-07', 3, 0, NULL, NULL),
(1509, 721192, 'Pfizer', 'ARNm de la proteina S del SARS-CoV-2', '2024-01-07', 1, 0, NULL, NULL),
(1510, 608908, 'AstraZeneca', 'Adenovirus recombinante con [pS::SARS-CoV-2]', '2024-01-07', 3, 0, NULL, NULL),
(1511, 114002, 'Sinopharm y Sinovac', 'Partículas Viricas SARS-CoV-2 inactivadas', '2024-01-07', 4, 0, 1, NULL),
(1512, 48644, 'Pfizer', 'ARNm de la proteina S del SARS-CoV-2', '2024-01-07', 1, 0, NULL, NULL),
(1513, 741100, 'AstraZeneca', 'Adenovirus recombinante con [pS::SARS-CoV-2]', '2024-01-07', 3, 0, NULL, NULL),
(1514, 47270, 'Pfizer', 'ARNm de la proteina S del SARS-CoV-2', '2024-01-07', 1, 0, NULL, NULL),
(1515, 707022, 'Johnson_Johnson', 'Partículas Viricas SARS-CoV-2 inactivadas', '2024-01-07', 2, 0, NULL, NULL),
(1516, 969749, 'Sputnik V', 'Adenovirus rAd26::S de SARS-CoV-2', '2024-01-07', 5, 0, NULL, NULL),
(1517, 869309, 'Sinopharm y Sinovac', 'Partículas Viricas SARS-CoV-2 inactivadas', '2024-01-07', 4, 0, 1, NULL),
(1518, 21094, 'Sputnik V', 'Adenovirus rAd26::S de SARS-CoV-2', '2024-01-07', 5, 0, NULL, NULL),
(1519, 650377, 'Sputnik V', 'Adenovirus rAd26::S de SARS-CoV-2', '2024-01-07', 5, 0, NULL, NULL),
(1520, 275361, 'AstraZeneca', 'Adenovirus recombinante con [pS::SARS-CoV-2]', '2024-01-07', 3, 0, NULL, NULL),
(1521, 549428, 'Johnson_Johnson', 'Partículas Viricas SARS-CoV-2 inactivadas', '2024-01-07', 2, 0, 1, NULL),
(1522, 193602, 'Sputnik V', 'Adenovirus rAd26::S de SARS-CoV-2', '2024-01-07', 5, 0, NULL, NULL),
(1523, 68980, 'AstraZeneca', 'Adenovirus recombinante con [pS::SARS-CoV-2]', '2024-01-07', 3, 0, NULL, NULL),
(1524, 440845, 'Johnson_Johnson', 'Partículas Viricas SARS-CoV-2 inactivadas', '2024-01-07', 2, 0, NULL, NULL),
(1525, 701394, 'Sinopharm y Sinovac', 'Partículas Viricas SARS-CoV-2 inactivadas', '2024-01-07', 4, 0, 1, NULL),
(1526, 273011, 'Pfizer', 'ARNm de la proteina S del SARS-CoV-2', '2024-01-07', 1, 0, NULL, NULL),
(1527, 559101, 'Johnson_Johnson', 'Partículas Viricas SARS-CoV-2 inactivadas', '2024-01-07', 2, 0, NULL, NULL),
(1528, 47918, 'AstraZeneca', 'Adenovirus recombinante con [pS::SARS-CoV-2]', '2024-01-07', 3, 0, 2, NULL),
(1529, 288441, 'Pfizer', 'ARNm de la proteina S del SARS-CoV-2', '2024-01-07', 1, 0, NULL, NULL),
(1530, 747796, 'Johnson_Johnson', 'Partículas Viricas SARS-CoV-2 inactivadas', '2024-01-07', 2, 0, NULL, NULL),
(1532, 933400, 'AstraZeneca', 'Adenovirus recombinante con [pS::SARS-CoV-2]', '2024-01-07', 3, 0, 2, NULL),
(1533, 914941, 'Sinopharm y Sinovac', 'Partículas Viricas SARS-CoV-2 inactivadas', '2024-01-07', 4, 0, 1, NULL),
(1534, 603127, 'Johnson_Johnson', 'Partículas Viricas SARS-CoV-2 inactivadas', '2024-01-07', 2, 0, 1, NULL),
(1535, 46020, 'Sputnik V', 'Adenovirus rAd26::S de SARS-CoV-2', '2024-01-07', 5, 0, NULL, NULL),
(1536, 747782, 'Sinopharm y Sinovac', 'Partículas Viricas SARS-CoV-2 inactivadas', '2024-01-07', 4, 0, 1, NULL),
(1537, 893429, 'Johnson_Johnson', 'Partículas Viricas SARS-CoV-2 inactivadas', '2024-01-07', 2, 0, NULL, NULL),
(1538, 387720, 'Johnson_Johnson', 'Partículas Viricas SARS-CoV-2 inactivadas', '2024-01-07', 2, 0, NULL, NULL),
(1539, 398485, 'Sputnik V', 'Adenovirus rAd26::S de SARS-CoV-2', '2024-01-07', 5, 0, NULL, NULL),
(1540, 890978, 'Sinopharm y Sinovac', 'Partículas Viricas SARS-CoV-2 inactivadas', '2024-01-07', 4, 0, 1, NULL),
(1541, 946699, 'AstraZeneca', 'Adenovirus recombinante con [pS::SARS-CoV-2]', '2024-01-07', 3, 0, 2, NULL),
(1542, 907560, 'Sputnik V', 'Adenovirus rAd26::S de SARS-CoV-2', '2024-01-07', 5, 0, NULL, NULL),
(1543, 948928, 'Sinopharm y Sinovac', 'Partículas Viricas SARS-CoV-2 inactivadas', '2024-01-07', 4, 0, NULL, NULL),
(1544, 246751, 'Pfizer', 'ARNm de la proteina S del SARS-CoV-2', '2024-01-07', 1, 0, NULL, NULL),
(1545, 532094, 'Johnson_Johnson', 'Partículas Viricas SARS-CoV-2 inactivadas', '2024-01-07', 2, 0, NULL, NULL),
(1546, 73930, 'Johnson_Johnson', 'Partículas Viricas SARS-CoV-2 inactivadas', '2024-01-07', 2, 0, NULL, NULL),
(1547, 949859, 'AstraZeneca', 'Adenovirus recombinante con [pS::SARS-CoV-2]', '2024-01-07', 3, 0, NULL, NULL),
(1548, 435139, 'Johnson_Johnson', 'Partículas Viricas SARS-CoV-2 inactivadas', '2024-01-07', 2, 0, NULL, NULL),
(1549, 690205, 'Johnson_Johnson', 'Partículas Viricas SARS-CoV-2 inactivadas', '2024-01-07', 2, 0, NULL, NULL),
(1550, 27902, 'Johnson_Johnson', 'Partículas Viricas SARS-CoV-2 inactivadas', '2024-01-07', 2, 0, NULL, NULL),
(1551, 548990, 'Sinopharm y Sinovac', 'Partículas Viricas SARS-CoV-2 inactivadas', '2024-01-07', 4, 0, NULL, NULL),
(1552, 443806, 'Sputnik V', 'Adenovirus rAd26::S de SARS-CoV-2', '2024-01-07', 5, 0, NULL, NULL),
(1553, 328948, 'Johnson_Johnson', 'Partículas Viricas SARS-CoV-2 inactivadas', '2024-01-07', 2, 0, NULL, NULL),
(1554, 601938, 'Sputnik V', 'Adenovirus rAd26::S de SARS-CoV-2', '2024-01-07', 5, 0, NULL, NULL),
(1555, 782088, 'Sinopharm y Sinovac', 'Partículas Viricas SARS-CoV-2 inactivadas', '2024-01-07', 4, 0, NULL, NULL),
(1556, 484612, 'Sinopharm y Sinovac', 'Partículas Viricas SARS-CoV-2 inactivadas', '2024-01-07', 4, 0, NULL, NULL),
(1557, 956538, 'Sputnik V', 'Adenovirus rAd26::S de SARS-CoV-2', '2024-01-07', 5, 0, NULL, NULL),
(1558, 461462, 'AstraZeneca', 'Adenovirus recombinante con [pS::SARS-CoV-2]', '2024-01-07', 3, 0, NULL, NULL),
(1559, 50187, 'Sputnik V', 'Adenovirus rAd26::S de SARS-CoV-2', '2024-01-07', 5, 0, NULL, NULL),
(1560, 750772, 'Pfizer', 'ARNm de la proteina S del SARS-CoV-2', '2024-01-07', 1, 0, NULL, NULL),
(1561, 73172, 'AstraZeneca', 'Adenovirus recombinante con [pS::SARS-CoV-2]', '2024-01-07', 3, 0, NULL, NULL),
(1562, 895244, 'Johnson_Johnson', 'Partículas Viricas SARS-CoV-2 inactivadas', '2024-01-07', 2, 0, NULL, NULL),
(1564, 422860, 'Johnson_Johnson', 'Partículas Viricas SARS-CoV-2 inactivadas', '2024-01-07', 2, 0, NULL, NULL),
(1565, 721270, 'Sputnik V', 'Adenovirus rAd26::S de SARS-CoV-2', '2024-01-07', 5, 0, NULL, NULL),
(1566, 193158, 'AstraZeneca', 'Adenovirus recombinante con [pS::SARS-CoV-2]', '2024-01-07', 3, 0, NULL, NULL),
(1567, 832266, 'Sputnik V', 'Adenovirus rAd26::S de SARS-CoV-2', '2024-01-07', 5, 0, NULL, NULL),
(1568, 788473, 'Sputnik V', 'Adenovirus rAd26::S de SARS-CoV-2', '2024-01-07', 5, 0, NULL, NULL),
(1569, 77901, 'AstraZeneca', 'Adenovirus recombinante con [pS::SARS-CoV-2]', '2024-01-07', 3, 0, NULL, NULL),
(1570, 863381, 'Sputnik V', 'Adenovirus rAd26::S de SARS-CoV-2', '2024-01-07', 5, 0, NULL, NULL),
(1571, 239636, 'Sinopharm y Sinovac', 'Partículas Viricas SARS-CoV-2 inactivadas', '2024-01-07', 4, 0, NULL, NULL),
(1572, 700766, 'Sputnik V', 'Adenovirus rAd26::S de SARS-CoV-2', '2024-01-07', 5, 0, NULL, NULL),
(1573, 450582, 'Johnson_Johnson', 'Partículas Viricas SARS-CoV-2 inactivadas', '2024-01-07', 2, 0, NULL, NULL),
(1574, 598266, 'Johnson_Johnson', 'Partículas Viricas SARS-CoV-2 inactivadas', '2024-01-07', 2, 0, NULL, NULL),
(1575, 832656, 'Johnson_Johnson', 'Partículas Viricas SARS-CoV-2 inactivadas', '2024-01-07', 2, 0, 1, NULL),
(1576, 805128, 'Johnson_Johnson', 'Partículas Viricas SARS-CoV-2 inactivadas', '2024-01-07', 2, 0, 1, NULL),
(1578, 212504, 'AstraZeneca', 'Adenovirus recombinante con [pS::SARS-CoV-2]', '2024-01-07', 3, 0, NULL, NULL),
(1580, 376411, 'AstraZeneca', 'Adenovirus recombinante con [pS::SARS-CoV-2]', '2024-01-07', 3, 0, NULL, NULL),
(1581, 268441, 'Johnson_Johnson', 'Partículas Viricas SARS-CoV-2 inactivadas', '2024-01-07', 2, 0, NULL, NULL),
(1583, 976911, 'AstraZeneca', 'Adenovirus recombinante con [pS::SARS-CoV-2]', '2024-01-07', 3, 0, NULL, NULL),
(1584, 897499, 'Sinopharm y Sinovac', 'Partículas Viricas SARS-CoV-2 inactivadas', '2024-01-07', 4, 0, NULL, NULL),
(1585, 693541, 'AstraZeneca', 'Adenovirus recombinante con [pS::SARS-CoV-2]', '2024-01-07', 3, 0, NULL, NULL),
(1586, 2750, 'Johnson_Johnson', 'Partículas Viricas SARS-CoV-2 inactivadas', '2024-01-07', 2, 0, NULL, NULL),
(1587, 837309, 'Johnson_Johnson', 'Partículas Viricas SARS-CoV-2 inactivadas', '2024-01-07', 2, 0, NULL, NULL),
(1588, 937272, 'Sputnik V', 'Adenovirus rAd26::S de SARS-CoV-2', '2024-01-07', 5, 0, NULL, NULL),
(1589, 121755, 'Sinopharm y Sinovac', 'Partículas Viricas SARS-CoV-2 inactivadas', '2024-01-07', 4, 0, NULL, NULL),
(1590, 15561, 'Sinopharm y Sinovac', 'Partículas Viricas SARS-CoV-2 inactivadas', '2024-01-07', 4, 0, NULL, NULL),
(1591, 698980, 'Sinopharm y Sinovac', 'Partículas Viricas SARS-CoV-2 inactivadas', '2024-01-07', 4, 0, NULL, NULL),
(1592, 538209, 'AstraZeneca', 'Adenovirus recombinante con [pS::SARS-CoV-2]', '2024-01-07', 3, 0, 1, NULL),
(1593, 744616, 'Pfizer', 'ARNm de la proteina S del SARS-CoV-2', '2024-01-07', 1, 0, NULL, NULL),
(1594, 427388, 'Johnson_Johnson', 'Partículas Viricas SARS-CoV-2 inactivadas', '2024-01-07', 2, 0, 1, NULL),
(1598, 811101, 'Sinopharm y Sinovac', 'Partículas Viricas SARS-CoV-2 inactivadas', '2024-01-07', 4, 0, NULL, NULL),
(1599, 69526, 'AstraZeneca', 'Adenovirus recombinante con [pS::SARS-CoV-2]', '2024-01-07', 3, 0, NULL, NULL),
(1600, 125559, 'Sputnik V', 'Adenovirus rAd26::S de SARS-CoV-2', '2024-01-07', 5, 0, NULL, NULL),
(1601, 354760, 'AstraZeneca', 'Adenovirus recombinante con [pS::SARS-CoV-2]', '2024-01-07', 3, 0, NULL, NULL),
(1603, 98183, 'AstraZeneca', 'Adenovirus recombinante con [pS::SARS-CoV-2]', '2024-01-07', 3, 0, NULL, NULL),
(1604, 577024, 'Sputnik V', 'Adenovirus rAd26::S de SARS-CoV-2', '2024-01-07', 5, 0, NULL, NULL),
(1605, 235761, 'Sinopharm y Sinovac', 'Partículas Viricas SARS-CoV-2 inactivadas', '2024-01-07', 4, 0, NULL, NULL),
(1606, 612792, 'Pfizer', 'ARNm de la proteina S del SARS-CoV-2', '2024-01-07', 1, 0, NULL, NULL),
(1607, 360883, 'Johnson_Johnson', 'Partículas Viricas SARS-CoV-2 inactivadas', '2024-01-07', 2, 0, 1, NULL),
(1608, 959194, 'Sinopharm y Sinovac', 'Partículas Viricas SARS-CoV-2 inactivadas', '2024-01-07', 4, 0, NULL, NULL),
(1609, 229684, 'Sputnik V', 'Adenovirus rAd26::S de SARS-CoV-2', '2024-01-07', 5, 0, NULL, NULL),
(1610, 994299, 'AstraZeneca', 'Adenovirus recombinante con [pS::SARS-CoV-2]', '2024-01-07', 3, 0, 1, NULL),
(1611, 886687, 'Sputnik V', 'Adenovirus rAd26::S de SARS-CoV-2', '2024-01-07', 5, 0, 3, NULL),
(1612, 322221, 'AstraZeneca', 'Adenovirus recombinante con [pS::SARS-CoV-2]', '2024-01-07', 3, 0, NULL, NULL),
(1613, 141387, 'Pfizer', 'ARNm de la proteina S del SARS-CoV-2', '2024-01-07', 1, 0, NULL, NULL),
(1614, 835811, 'Sinopharm y Sinovac', 'Partículas Viricas SARS-CoV-2 inactivadas', '2024-01-07', 4, 0, NULL, NULL),
(1615, 256168, 'AstraZeneca', 'Adenovirus recombinante con [pS::SARS-CoV-2]', '2024-01-07', 3, 0, 1, NULL),
(1616, 587954, 'Johnson_Johnson', 'Partículas Viricas SARS-CoV-2 inactivadas', '2024-01-07', 2, 0, NULL, NULL),
(1617, 20561, 'Sinopharm y Sinovac', 'Partículas Viricas SARS-CoV-2 inactivadas', '2024-01-07', 4, 0, NULL, NULL),
(1618, 195237, 'Johnson_Johnson', 'Partículas Viricas SARS-CoV-2 inactivadas', '2024-01-07', 2, 0, NULL, NULL),
(1619, 504326, 'Sputnik V', 'Adenovirus rAd26::S de SARS-CoV-2', '2024-01-07', 5, 0, NULL, NULL),
(1620, 214341, 'Sputnik V', 'Adenovirus rAd26::S de SARS-CoV-2', '2024-01-07', 5, 0, NULL, NULL),
(1621, 992307, 'Johnson_Johnson', 'Partículas Viricas SARS-CoV-2 inactivadas', '2024-01-07', 2, 0, 1, NULL),
(1622, 872417, 'Pfizer', 'ARNm de la proteina S del SARS-CoV-2', '2024-01-07', 1, 0, NULL, NULL),
(1623, 119321, 'Johnson_Johnson', 'Partículas Viricas SARS-CoV-2 inactivadas', '2024-01-07', 2, 0, NULL, NULL),
(1625, 427344, 'Sputnik V', 'Adenovirus rAd26::S de SARS-CoV-2', '2024-01-07', 5, 0, 3, NULL),
(1626, 467087, 'Pfizer', 'ARNm de la proteina S del SARS-CoV-2', '2024-01-07', 1, 0, NULL, NULL),
(1627, 265532, 'Pfizer', 'ARNm de la proteina S del SARS-CoV-2', '2024-01-07', 1, 0, NULL, NULL),
(1628, 568313, 'Sinopharm y Sinovac', 'Partículas Viricas SARS-CoV-2 inactivadas', '2024-01-07', 4, 0, NULL, NULL),
(1630, 37254, 'Sinopharm y Sinovac', 'Partículas Viricas SARS-CoV-2 inactivadas', '2024-01-07', 4, 0, NULL, NULL),
(1631, 532308, 'Pfizer', 'ARNm de la proteina S del SARS-CoV-2', '2024-01-07', 1, 0, NULL, NULL),
(1633, 642467, 'AstraZeneca', 'Adenovirus recombinante con [pS::SARS-CoV-2]', '2024-01-07', 3, 0, 1, NULL),
(1634, 803624, 'Pfizer', 'ARNm de la proteina S del SARS-CoV-2', '2024-01-07', 1, 0, NULL, NULL),
(1635, 526369, 'Sinopharm y Sinovac', 'Partículas Viricas SARS-CoV-2 inactivadas', '2024-01-07', 4, 0, NULL, NULL),
(1636, 816458, 'Sputnik V', 'Adenovirus rAd26::S de SARS-CoV-2', '2024-01-07', 5, 0, NULL, NULL),
(1637, 750104, 'Johnson_Johnson', 'Partículas Viricas SARS-CoV-2 inactivadas', '2024-01-07', 2, 0, NULL, NULL),
(1638, 651385, 'Pfizer', 'ARNm de la proteina S del SARS-CoV-2', '2024-01-07', 1, 0, NULL, NULL),
(1639, 486179, 'Pfizer', 'ARNm de la proteina S del SARS-CoV-2', '2024-01-07', 1, 0, NULL, NULL),
(1640, 545660, 'Sinopharm y Sinovac', 'Partículas Viricas SARS-CoV-2 inactivadas', '2024-01-07', 4, 0, NULL, NULL),
(1641, 84165, 'Pfizer', 'ARNm de la proteina S del SARS-CoV-2', '2024-01-07', 1, 0, NULL, NULL),
(1642, 80091, 'Johnson_Johnson', 'Partículas Viricas SARS-CoV-2 inactivadas', '2024-01-07', 2, 0, NULL, NULL),
(1643, 800686, 'Sputnik V', 'Adenovirus rAd26::S de SARS-CoV-2', '2024-01-07', 5, 0, NULL, NULL),
(1645, 651343, 'Pfizer', 'ARNm de la proteina S del SARS-CoV-2', '2024-01-07', 1, 0, NULL, NULL),
(1646, 745522, 'Johnson_Johnson', 'Partículas Viricas SARS-CoV-2 inactivadas', '2024-01-07', 2, 0, NULL, NULL),
(1647, 862729, 'Pfizer', 'ARNm de la proteina S del SARS-CoV-2', '2024-01-07', 1, 0, NULL, NULL),
(1648, 143077, 'Sinopharm y Sinovac', 'Partículas Viricas SARS-CoV-2 inactivadas', '2024-01-07', 4, 0, NULL, NULL),
(1649, 618621, 'Sputnik V', 'Adenovirus rAd26::S de SARS-CoV-2', '2024-01-07', 5, 0, 3, NULL),
(1650, 824330, 'Sputnik V', 'Adenovirus rAd26::S de SARS-CoV-2', '2024-01-07', 5, 0, 3, NULL),
(1651, 78952, 'AstraZeneca', 'Adenovirus recombinante con [pS::SARS-CoV-2]', '2024-01-07', 3, 0, NULL, NULL),
(1652, 784058, 'Johnson_Johnson', 'Partículas Viricas SARS-CoV-2 inactivadas', '2024-01-07', 2, 0, 1, NULL),
(1653, 43203, 'Johnson_Johnson', 'Partículas Viricas SARS-CoV-2 inactivadas', '2024-01-07', 2, 0, 1, NULL),
(1654, 112937, 'AstraZeneca', 'Adenovirus recombinante con [pS::SARS-CoV-2]', '2024-01-07', 3, 0, 1, NULL),
(1655, 93457, 'AstraZeneca', 'Adenovirus recombinante con [pS::SARS-CoV-2]', '2024-01-07', 3, 0, 1, NULL),
(1656, 504348, 'Pfizer', 'ARNm de la proteina S del SARS-CoV-2', '2024-01-07', 1, 0, NULL, NULL),
(1657, 720165, 'Pfizer', 'ARNm de la proteina S del SARS-CoV-2', '2024-01-07', 1, 0, NULL, NULL),
(1658, 46574, 'Pfizer', 'ARNm de la proteina S del SARS-CoV-2', '2024-01-07', 1, 0, NULL, NULL),
(1659, 361522, 'Pfizer', 'ARNm de la proteina S del SARS-CoV-2', '2024-01-07', 1, 0, NULL, NULL),
(1660, 803316, 'AstraZeneca', 'Adenovirus recombinante con [pS::SARS-CoV-2]', '2024-01-07', 3, 0, 1, NULL),
(1661, 702594, 'Sinopharm y Sinovac', 'Partículas Viricas SARS-CoV-2 inactivadas', '2024-01-07', 4, 0, NULL, NULL),
(1662, 692501, 'Sinopharm y Sinovac', 'Partículas Viricas SARS-CoV-2 inactivadas', '2024-01-07', 4, 0, NULL, NULL),
(1663, 132551, 'Sputnik V', 'Adenovirus rAd26::S de SARS-CoV-2', '2024-01-07', 5, 0, 3, NULL),
(1664, 97146, 'Johnson_Johnson', 'Partículas Viricas SARS-CoV-2 inactivadas', '2024-01-07', 2, 0, 1, NULL),
(1666, 233366, 'Johnson_Johnson', 'Partículas Viricas SARS-CoV-2 inactivadas', '2024-01-07', 2, 0, NULL, NULL),
(1667, 668029, 'Sinopharm y Sinovac', 'Partículas Viricas SARS-CoV-2 inactivadas', '2024-01-07', 4, 0, NULL, NULL),
(1668, 357614, 'Johnson_Johnson', 'Partículas Viricas SARS-CoV-2 inactivadas', '2024-01-07', 2, 0, 1, NULL),
(1669, 674110, 'Johnson_Johnson', 'Partículas Viricas SARS-CoV-2 inactivadas', '2024-01-07', 2, 0, NULL, NULL),
(1670, 512341, 'Sputnik V', 'Adenovirus rAd26::S de SARS-CoV-2', '2024-01-07', 5, 0, NULL, NULL),
(1672, 328304, 'Sputnik V', 'Adenovirus rAd26::S de SARS-CoV-2', '2024-01-07', 5, 0, 3, NULL),
(1673, 933834, 'Johnson_Johnson', 'Partículas Viricas SARS-CoV-2 inactivadas', '2024-01-07', 2, 0, NULL, NULL),
(1675, 34632, 'Pfizer', 'ARNm de la proteina S del SARS-CoV-2', '2024-01-07', 1, 0, NULL, NULL),
(1676, 24168, 'Pfizer', 'ARNm de la proteina S del SARS-CoV-2', '2024-01-07', 1, 0, NULL, NULL),
(1677, 131307, 'Johnson_Johnson', 'Partículas Viricas SARS-CoV-2 inactivadas', '2024-01-07', 2, 0, NULL, NULL),
(1678, 674564, 'AstraZeneca', 'Adenovirus recombinante con [pS::SARS-CoV-2]', '2024-01-07', 3, 0, 1, NULL),
(1679, 445901, 'Sinopharm y Sinovac', 'Partículas Viricas SARS-CoV-2 inactivadas', '2024-01-07', 4, 0, NULL, NULL),
(1680, 135369, 'Sputnik V', 'Adenovirus rAd26::S de SARS-CoV-2', '2024-01-07', 5, 0, NULL, NULL),
(1681, 344186, 'Sinopharm y Sinovac', 'Partículas Viricas SARS-CoV-2 inactivadas', '2024-01-07', 4, 0, NULL, NULL),
(1682, 34388, 'Sputnik V', 'Adenovirus rAd26::S de SARS-CoV-2', '2024-01-07', 5, 0, NULL, NULL),
(1684, 965132, 'Johnson_Johnson', 'Partículas Viricas SARS-CoV-2 inactivadas', '2024-01-07', 2, 0, 1, NULL),
(1685, 217045, 'Johnson_Johnson', 'Partículas Viricas SARS-CoV-2 inactivadas', '2024-01-07', 2, 0, 1, NULL),
(1686, 111535, 'AstraZeneca', 'Adenovirus recombinante con [pS::SARS-CoV-2]', '2024-01-07', 3, 0, 1, NULL),
(1687, 879610, 'Sputnik V', 'Adenovirus rAd26::S de SARS-CoV-2', '2024-01-07', 5, 0, NULL, NULL),
(1688, 633885, 'AstraZeneca', 'Adenovirus recombinante con [pS::SARS-CoV-2]', '2024-01-07', 3, 0, 1, NULL),
(1690, 105569, 'Sputnik V', 'Adenovirus rAd26::S de SARS-CoV-2', '2024-01-07', 5, 0, 3, NULL),
(1691, 417616, 'Pfizer', 'ARNm de la proteina S del SARS-CoV-2', '2024-01-07', 1, 0, NULL, NULL),
(1692, 478230, 'AstraZeneca', 'Adenovirus recombinante con [pS::SARS-CoV-2]', '2024-01-07', 3, 0, 1, NULL),
(1693, 437116, 'AstraZeneca', 'Adenovirus recombinante con [pS::SARS-CoV-2]', '2024-01-07', 3, 0, 1, NULL),
(1694, 94164, 'Sinopharm y Sinovac', 'Partículas Viricas SARS-CoV-2 inactivadas', '2024-01-07', 4, 0, NULL, NULL),
(1695, 272249, 'Sinopharm y Sinovac', 'Partículas Viricas SARS-CoV-2 inactivadas', '2024-01-07', 4, 0, NULL, NULL),
(1696, 863363, 'AstraZeneca', 'Adenovirus recombinante con [pS::SARS-CoV-2]', '2024-01-07', 3, 0, 1, NULL),
(1697, 73278, 'Johnson_Johnson', 'Partículas Viricas SARS-CoV-2 inactivadas', '2024-01-07', 2, 0, 1, NULL),
(1698, 379392, 'Pfizer', 'ARNm de la proteina S del SARS-CoV-2', '2024-01-07', 1, 0, NULL, NULL),
(1699, 378518, 'Johnson_Johnson', 'Partículas Viricas SARS-CoV-2 inactivadas', '2024-01-07', 2, 0, NULL, NULL),
(1700, 11313, 'Johnson_Johnson', 'Partículas Viricas SARS-CoV-2 inactivadas', '2024-01-07', 2, 0, 1, NULL),
(1701, 431370, 'Pfizer', 'ARNm de la proteina S del SARS-CoV-2', '2024-01-07', 1, 0, NULL, NULL),
(1702, 722677, 'Johnson_Johnson', 'Partículas Viricas SARS-CoV-2 inactivadas', '2024-01-07', 2, 0, 1, NULL),
(1703, 847484, 'Johnson_Johnson', 'Partículas Viricas SARS-CoV-2 inactivadas', '2024-01-07', 2, 0, NULL, NULL),
(1704, 924925, 'Johnson_Johnson', 'Partículas Viricas SARS-CoV-2 inactivadas', '2024-01-07', 2, 0, NULL, NULL),
(1705, 706740, 'Sinopharm y Sinovac', 'Partículas Viricas SARS-CoV-2 inactivadas', '2024-01-07', 4, 0, NULL, NULL),
(1706, 259785, 'Pfizer', 'ARNm de la proteina S del SARS-CoV-2', '2024-01-07', 1, 0, NULL, NULL),
(1707, 885533, 'Pfizer', 'ARNm de la proteina S del SARS-CoV-2', '2024-01-07', 1, 0, NULL, NULL),
(1708, 58821, 'Sinopharm y Sinovac', 'Partículas Viricas SARS-CoV-2 inactivadas', '2024-01-07', 4, 0, NULL, NULL),
(1709, 196566, 'Sinopharm y Sinovac', 'Partículas Viricas SARS-CoV-2 inactivadas', '2024-01-07', 4, 0, NULL, NULL),
(1710, 880340, 'Sinopharm y Sinovac', 'Partículas Viricas SARS-CoV-2 inactivadas', '2024-01-07', 4, 0, NULL, NULL),
(1711, 940393, 'Johnson_Johnson', 'Partículas Viricas SARS-CoV-2 inactivadas', '2024-01-07', 2, 0, 1, NULL),
(1712, 53567, 'Pfizer', 'ARNm de la proteina S del SARS-CoV-2', '2024-01-07', 1, 0, NULL, NULL),
(1713, 241653, 'Sinopharm y Sinovac', 'Partículas Viricas SARS-CoV-2 inactivadas', '2024-01-07', 4, 0, NULL, NULL),
(1714, 443317, 'Sinopharm y Sinovac', 'Partículas Viricas SARS-CoV-2 inactivadas', '2024-01-07', 4, 0, NULL, NULL),
(1715, 911386, 'Sputnik V', 'Adenovirus rAd26::S de SARS-CoV-2', '2024-01-07', 5, 0, NULL, NULL),
(1716, 608104, 'AstraZeneca', 'Adenovirus recombinante con [pS::SARS-CoV-2]', '2024-01-07', 3, 0, 1, NULL),
(1717, 85162, 'AstraZeneca', 'Adenovirus recombinante con [pS::SARS-CoV-2]', '2024-01-07', 3, 0, 1, NULL),
(1718, 380599, 'Sputnik V', 'Adenovirus rAd26::S de SARS-CoV-2', '2024-01-07', 5, 0, NULL, NULL),
(1719, 996752, 'Johnson_Johnson', 'Partículas Viricas SARS-CoV-2 inactivadas', '2024-01-07', 2, 0, 1, NULL),
(1721, 592715, 'Pfizer', 'ARNm de la proteina S del SARS-CoV-2', '2024-01-07', 1, 0, NULL, NULL),
(1722, 15097, 'AstraZeneca', 'Adenovirus recombinante con [pS::SARS-CoV-2]', '2024-01-07', 3, 0, 1, NULL),
(1723, 330005, 'Sinopharm y Sinovac', 'Partículas Viricas SARS-CoV-2 inactivadas', '2024-01-07', 4, 0, NULL, NULL),
(1724, 53575, 'Sputnik V', 'Adenovirus rAd26::S de SARS-CoV-2', '2024-01-07', 5, 0, NULL, NULL),
(1725, 154264, 'AstraZeneca', 'Adenovirus recombinante con [pS::SARS-CoV-2]', '2024-01-07', 3, 0, NULL, NULL),
(1726, 288118, 'Sinopharm y Sinovac', 'Partículas Viricas SARS-CoV-2 inactivadas', '2024-01-07', 4, 0, NULL, NULL),
(1727, 980108, 'Johnson_Johnson', 'Partículas Viricas SARS-CoV-2 inactivadas', '2024-01-07', 2, 0, 3, NULL),
(1728, 691232, 'Sinopharm y Sinovac', 'Partículas Viricas SARS-CoV-2 inactivadas', '2024-01-07', 4, 0, NULL, NULL),
(1729, 807861, 'Johnson_Johnson', 'Partículas Viricas SARS-CoV-2 inactivadas', '2024-01-07', 2, 0, NULL, NULL),
(1730, 552556, 'Sputnik V', 'Adenovirus rAd26::S de SARS-CoV-2', '2024-01-07', 5, 0, 2, NULL),
(1731, 156873, 'Johnson_Johnson', 'Partículas Viricas SARS-CoV-2 inactivadas', '2024-01-07', 2, 0, NULL, NULL),
(1732, 746673, 'Sputnik V', 'Adenovirus rAd26::S de SARS-CoV-2', '2024-01-07', 5, 0, 2, NULL),
(1733, 688949, 'AstraZeneca', 'Adenovirus recombinante con [pS::SARS-CoV-2]', '2024-01-07', 3, 0, 1, NULL),
(1734, 644165, 'Sinopharm y Sinovac', 'Partículas Viricas SARS-CoV-2 inactivadas', '2024-01-07', 4, 0, NULL, NULL),
(1736, 684256, 'AstraZeneca', 'Adenovirus recombinante con [pS::SARS-CoV-2]', '2024-01-07', 3, 0, 1, NULL),
(1738, 592566, 'Sinopharm y Sinovac', 'Partículas Viricas SARS-CoV-2 inactivadas', '2024-01-07', 4, 0, NULL, NULL),
(1739, 870981, 'AstraZeneca', 'Adenovirus recombinante con [pS::SARS-CoV-2]', '2024-01-07', 3, 0, NULL, NULL),
(1740, 599598, 'Sputnik V', 'Adenovirus rAd26::S de SARS-CoV-2', '2024-01-07', 5, 0, NULL, NULL),
(1741, 974193, 'AstraZeneca', 'Adenovirus recombinante con [pS::SARS-CoV-2]', '2024-01-07', 3, 0, NULL, NULL),
(1742, 76832, 'Sinopharm y Sinovac', 'Partículas Viricas SARS-CoV-2 inactivadas', '2024-01-07', 4, 0, NULL, NULL),
(1743, 811439, 'Sputnik V', 'Adenovirus rAd26::S de SARS-CoV-2', '2024-01-07', 5, 0, 3, NULL),
(1744, 586818, 'AstraZeneca', 'Adenovirus recombinante con [pS::SARS-CoV-2]', '2024-01-07', 3, 0, 1, NULL),
(1745, 554090, 'Johnson_Johnson', 'Partículas Viricas SARS-CoV-2 inactivadas', '2024-01-07', 2, 0, NULL, NULL),
(1746, 67372, 'AstraZeneca', 'Adenovirus recombinante con [pS::SARS-CoV-2]', '2024-01-07', 3, 0, NULL, NULL),
(1747, 580110, 'AstraZeneca', 'Adenovirus recombinante con [pS::SARS-CoV-2]', '2024-01-07', 3, 0, NULL, NULL),
(1748, 410778, 'Johnson_Johnson', 'Partículas Viricas SARS-CoV-2 inactivadas', '2024-01-07', 2, 0, 3, NULL),
(1750, 26544, 'Sinopharm y Sinovac', 'Partículas Viricas SARS-CoV-2 inactivadas', '2024-01-07', 4, 0, NULL, NULL),
(1751, 32217, 'AstraZeneca', 'Adenovirus recombinante con [pS::SARS-CoV-2]', '2024-01-07', 3, 0, NULL, NULL),
(1752, 607230, 'Sinopharm y Sinovac', 'Partículas Viricas SARS-CoV-2 inactivadas', '2024-01-07', 4, 0, NULL, NULL),
(1753, 423201, 'Pfizer', 'ARNm de la proteina S del SARS-CoV-2', '2024-01-07', 1, 0, NULL, NULL),
(1754, 564798, 'Johnson_Johnson', 'Partículas Viricas SARS-CoV-2 inactivadas', '2024-01-07', 2, 0, 3, NULL),
(1755, 41149, 'Sputnik V', 'Adenovirus rAd26::S de SARS-CoV-2', '2024-01-07', 5, 0, NULL, NULL),
(1756, 830054, 'Pfizer', 'ARNm de la proteina S del SARS-CoV-2', '2024-01-07', 1, 0, NULL, NULL),
(1757, 151184, 'AstraZeneca', 'Adenovirus recombinante con [pS::SARS-CoV-2]', '2024-01-07', 3, 0, 1, NULL),
(1758, 567340, 'Sinopharm y Sinovac', 'Partículas Viricas SARS-CoV-2 inactivadas', '2024-01-07', 4, 0, NULL, NULL),
(1759, 281665, 'Sputnik V', 'Adenovirus rAd26::S de SARS-CoV-2', '2024-01-07', 5, 0, 3, NULL),
(1760, 54798, 'Sinopharm y Sinovac', 'Partículas Viricas SARS-CoV-2 inactivadas', '2024-01-07', 4, 0, NULL, NULL),
(1761, 272044, 'Sputnik V', 'Adenovirus rAd26::S de SARS-CoV-2', '2024-01-07', 5, 0, 3, NULL),
(1762, 518216, 'Johnson_Johnson', 'Partículas Viricas SARS-CoV-2 inactivadas', '2024-01-07', 2, 0, 3, NULL),
(1763, 797177, 'Sinopharm y Sinovac', 'Partículas Viricas SARS-CoV-2 inactivadas', '2024-01-07', 4, 0, NULL, NULL),
(1764, 131543, 'Sinopharm y Sinovac', 'Partículas Viricas SARS-CoV-2 inactivadas', '2024-01-07', 4, 0, NULL, NULL),
(1765, 274376, 'Johnson_Johnson', 'Partículas Viricas SARS-CoV-2 inactivadas', '2024-01-07', 2, 0, NULL, NULL),
(1766, 54379, 'Sinopharm y Sinovac', 'Partículas Viricas SARS-CoV-2 inactivadas', '2024-01-07', 4, 0, NULL, NULL),
(1767, 560685, 'Pfizer', 'ARNm de la proteina S del SARS-CoV-2', '2024-01-07', 1, 0, NULL, NULL),
(1768, 157637, 'Sinopharm y Sinovac', 'Partículas Viricas SARS-CoV-2 inactivadas', '2024-01-07', 4, 0, NULL, NULL),
(1770, 681713, 'Sinopharm y Sinovac', 'Partículas Viricas SARS-CoV-2 inactivadas', '2024-01-07', 4, 0, NULL, NULL),
(1771, 943018, 'Sputnik V', 'Adenovirus rAd26::S de SARS-CoV-2', '2024-01-07', 5, 0, NULL, NULL),
(1773, 582535, 'Sputnik V', 'Adenovirus rAd26::S de SARS-CoV-2', '2024-01-07', 5, 0, NULL, NULL),
(1774, 78154, 'Pfizer', 'ARNm de la proteina S del SARS-CoV-2', '2024-01-07', 1, 0, NULL, NULL),
(1775, 549907, 'AstraZeneca', 'Adenovirus recombinante con [pS::SARS-CoV-2]', '2024-01-07', 3, 0, 1, NULL),
(1776, 158864, 'Pfizer', 'ARNm de la proteina S del SARS-CoV-2', '2024-01-07', 1, 0, NULL, NULL),
(1777, 983984, 'AstraZeneca', 'Adenovirus recombinante con [pS::SARS-CoV-2]', '2024-01-07', 3, 0, NULL, NULL),
(1778, 495962, 'AstraZeneca', 'Adenovirus recombinante con [pS::SARS-CoV-2]', '2024-01-07', 3, 0, NULL, NULL),
(1779, 281004, 'Sinopharm y Sinovac', 'Partículas Viricas SARS-CoV-2 inactivadas', '2024-01-07', 4, 0, NULL, NULL),
(1780, 483651, 'Johnson_Johnson', 'Partículas Viricas SARS-CoV-2 inactivadas', '2024-01-07', 2, 0, 1, NULL),
(1781, 335122, 'Johnson_Johnson', 'Partículas Viricas SARS-CoV-2 inactivadas', '2024-01-07', 2, 0, 3, NULL),
(1782, 455870, 'Sinopharm y Sinovac', 'Partículas Viricas SARS-CoV-2 inactivadas', '2024-01-07', 4, 0, NULL, NULL),
(1783, 699317, 'Pfizer', 'ARNm de la proteina S del SARS-CoV-2', '2024-01-07', 1, 0, NULL, NULL),
(1784, 484141, 'Sinopharm y Sinovac', 'Partículas Viricas SARS-CoV-2 inactivadas', '2024-01-07', 4, 0, NULL, NULL),
(1785, 761774, 'Pfizer', 'ARNm de la proteina S del SARS-CoV-2', '2024-01-07', 1, 0, NULL, NULL),
(1786, 200231, 'AstraZeneca', 'Adenovirus recombinante con [pS::SARS-CoV-2]', '2024-01-07', 3, 0, NULL, NULL),
(1787, 878642, 'Johnson_Johnson', 'Partículas Viricas SARS-CoV-2 inactivadas', '2024-01-07', 2, 0, NULL, NULL),
(1788, 576484, 'Sinopharm y Sinovac', 'Partículas Viricas SARS-CoV-2 inactivadas', '2024-01-07', 4, 0, NULL, NULL),
(1789, 299797, 'Sputnik V', 'Adenovirus rAd26::S de SARS-CoV-2', '2024-01-07', 5, 0, 3, NULL),
(1791, 819403, 'Pfizer', 'ARNm de la proteina S del SARS-CoV-2', '2024-01-07', 1, 0, NULL, NULL),
(1792, 23542, 'Johnson_Johnson', 'Partículas Viricas SARS-CoV-2 inactivadas', '2024-01-07', 2, 0, 3, NULL),
(1793, 698924, 'Sinopharm y Sinovac', 'Partículas Viricas SARS-CoV-2 inactivadas', '2024-01-07', 4, 0, NULL, NULL),
(1794, 796034, 'Sputnik V', 'Adenovirus rAd26::S de SARS-CoV-2', '2024-01-07', 5, 0, 1, NULL),
(1795, 289929, 'AstraZeneca', 'Adenovirus recombinante con [pS::SARS-CoV-2]', '2024-01-07', 3, 0, 2, NULL),
(1796, 22927, 'Pfizer', 'ARNm de la proteina S del SARS-CoV-2', '2024-01-07', 1, 0, NULL, NULL),
(1797, 342638, 'Sinopharm y Sinovac', 'Partículas Viricas SARS-CoV-2 inactivadas', '2024-01-07', 4, 0, NULL, NULL),
(1798, 977756, 'Pfizer', 'ARNm de la proteina S del SARS-CoV-2', '2024-01-07', 1, 0, NULL, NULL),
(1799, 560555, 'Johnson_Johnson', 'Partículas Viricas SARS-CoV-2 inactivadas', '2024-01-07', 2, 0, 3, NULL),
(1800, 820701, 'Johnson_Johnson', 'Partículas Viricas SARS-CoV-2 inactivadas', '2024-01-07', 2, 0, NULL, NULL),
(1801, 60552, 'Sinopharm y Sinovac', 'Partículas Viricas SARS-CoV-2 inactivadas', '2024-01-07', 4, 0, NULL, NULL),
(1802, 217857, 'Johnson_Johnson', 'Partículas Viricas SARS-CoV-2 inactivadas', '2024-01-07', 2, 0, 3, NULL),
(1803, 952009, 'Sinopharm y Sinovac', 'Partículas Viricas SARS-CoV-2 inactivadas', '2024-01-07', 4, 0, NULL, NULL),
(1804, 337923, 'Pfizer', 'ARNm de la proteina S del SARS-CoV-2', '2024-01-07', 1, 0, NULL, NULL),
(1805, 860708, 'Sputnik V', 'Adenovirus rAd26::S de SARS-CoV-2', '2024-01-07', 5, 0, 1, NULL),
(1806, 692106, 'Sinopharm y Sinovac', 'Partículas Viricas SARS-CoV-2 inactivadas', '2024-01-07', 4, 0, NULL, NULL),
(1807, 417425, 'Sputnik V', 'Adenovirus rAd26::S de SARS-CoV-2', '2024-01-07', 5, 0, 3, NULL),
(1808, 712217, 'AstraZeneca', 'Adenovirus recombinante con [pS::SARS-CoV-2]', '2024-01-07', 3, 0, 2, NULL),
(1809, 203978, 'AstraZeneca', 'Adenovirus recombinante con [pS::SARS-CoV-2]', '2024-01-07', 3, 0, 2, NULL),
(1810, 316455, 'Sputnik V', 'Adenovirus rAd26::S de SARS-CoV-2', '2024-01-07', 5, 0, 1, NULL),
(1811, 518913, 'Johnson_Johnson', 'Partículas Viricas SARS-CoV-2 inactivadas', '2024-01-07', 2, 0, 3, NULL),
(1812, 165343, 'Johnson_Johnson', 'Partículas Viricas SARS-CoV-2 inactivadas', '2024-01-07', 2, 0, 3, NULL),
(1813, 381187, 'Sinopharm y Sinovac', 'Partículas Viricas SARS-CoV-2 inactivadas', '2024-01-07', 4, 0, NULL, NULL),
(1814, 331213, 'AstraZeneca', 'Adenovirus recombinante con [pS::SARS-CoV-2]', '2024-01-07', 3, 0, 3, NULL),
(1815, 144964, 'AstraZeneca', 'Adenovirus recombinante con [pS::SARS-CoV-2]', '2024-01-07', 3, 0, 1, NULL),
(1816, 710293, 'AstraZeneca', 'Adenovirus recombinante con [pS::SARS-CoV-2]', '2024-01-07', 3, 0, 3, NULL),
(1817, 835842, 'Sputnik V', 'Adenovirus rAd26::S de SARS-CoV-2', '2024-01-07', 5, 0, 1, NULL),
(1818, 510177, 'Pfizer', 'ARNm de la proteina S del SARS-CoV-2', '2024-01-07', 1, 0, NULL, NULL),
(1819, 144083, 'Sputnik V', 'Adenovirus rAd26::S de SARS-CoV-2', '2024-01-07', 5, 0, 3, NULL),
(1821, 901288, 'Pfizer', 'ARNm de la proteina S del SARS-CoV-2', '2024-01-07', 1, 0, NULL, NULL),
(1822, 650356, 'Sinopharm y Sinovac', 'Partículas Viricas SARS-CoV-2 inactivadas', '2024-01-07', 4, 0, NULL, NULL),
(1823, 722870, 'Johnson_Johnson', 'Partículas Viricas SARS-CoV-2 inactivadas', '2024-01-07', 2, 0, 3, NULL),
(1824, 171555, 'Sinopharm y Sinovac', 'Partículas Viricas SARS-CoV-2 inactivadas', '2024-01-07', 4, 0, NULL, NULL),
(1825, 390874, 'Sinopharm y Sinovac', 'Partículas Viricas SARS-CoV-2 inactivadas', '2024-01-07', 4, 0, NULL, NULL),
(1826, 209787, 'Sputnik V', 'Adenovirus rAd26::S de SARS-CoV-2', '2024-01-07', 5, 0, 1, NULL),
(1828, 507417, 'Sinopharm y Sinovac', 'Partículas Viricas SARS-CoV-2 inactivadas', '2024-01-07', 4, 0, NULL, NULL),
(1829, 793171, 'AstraZeneca', 'Adenovirus recombinante con [pS::SARS-CoV-2]', '2024-01-07', 3, 0, 1, NULL);
INSERT INTO `viales` (`idVial`, `NumeroSerie`, `Marca`, `Antigeno`, `FechaVencimiento`, `idLaboratorio`, `Estado`, `idVacunatorio`, `fechaColocacion`) VALUES
(1830, 766647, 'Sinopharm y Sinovac', 'Partículas Viricas SARS-CoV-2 inactivadas', '2024-01-07', 4, 0, NULL, NULL),
(1831, 255142, 'AstraZeneca', 'Adenovirus recombinante con [pS::SARS-CoV-2]', '2024-01-07', 3, 0, 1, NULL),
(1832, 45046, 'Sinopharm y Sinovac', 'Partículas Viricas SARS-CoV-2 inactivadas', '2024-01-07', 4, 0, NULL, NULL),
(1833, 481511, 'Johnson_Johnson', 'Partículas Viricas SARS-CoV-2 inactivadas', '2024-01-07', 2, 0, 3, NULL),
(1834, 372256, 'Johnson_Johnson', 'Partículas Viricas SARS-CoV-2 inactivadas', '2024-01-07', 2, 0, NULL, NULL),
(1836, 297170, 'Sputnik V', 'Adenovirus rAd26::S de SARS-CoV-2', '2024-01-07', 5, 0, 3, NULL),
(1837, 348088, 'Sinopharm y Sinovac', 'Partículas Viricas SARS-CoV-2 inactivadas', '2024-01-07', 4, 0, NULL, NULL),
(1838, 863731, 'Johnson_Johnson', 'Partículas Viricas SARS-CoV-2 inactivadas', '2024-01-07', 2, 0, 1, NULL),
(1839, 441491, 'Sinopharm y Sinovac', 'Partículas Viricas SARS-CoV-2 inactivadas', '2024-01-07', 4, 0, NULL, NULL),
(1840, 742342, 'AstraZeneca', 'Adenovirus recombinante con [pS::SARS-CoV-2]', '2024-01-07', 3, 0, 3, NULL),
(1841, 617612, 'Sinopharm y Sinovac', 'Partículas Viricas SARS-CoV-2 inactivadas', '2024-01-07', 4, 0, NULL, NULL),
(1842, 788986, 'Sputnik V', 'Adenovirus rAd26::S de SARS-CoV-2', '2024-01-07', 5, 0, 1, NULL),
(1843, 565896, 'Pfizer', 'ARNm de la proteina S del SARS-CoV-2', '2024-01-07', 1, 0, NULL, NULL),
(1844, 88027, 'Sinopharm y Sinovac', 'Partículas Viricas SARS-CoV-2 inactivadas', '2024-01-07', 4, 0, NULL, NULL),
(1845, 283955, 'AstraZeneca', 'Adenovirus recombinante con [pS::SARS-CoV-2]', '2024-01-07', 3, 0, 3, NULL),
(1846, 777403, 'Sinopharm y Sinovac', 'Partículas Viricas SARS-CoV-2 inactivadas', '2024-01-07', 4, 0, NULL, NULL),
(1847, 507286, 'Sinopharm y Sinovac', 'Partículas Viricas SARS-CoV-2 inactivadas', '2024-01-07', 4, 0, NULL, NULL),
(1848, 422775, 'Pfizer', 'ARNm de la proteina S del SARS-CoV-2', '2024-01-07', 1, 0, NULL, NULL),
(1849, 645462, 'Sputnik V', 'Adenovirus rAd26::S de SARS-CoV-2', '2024-01-07', 5, 0, 1, NULL),
(1850, 963944, 'Sinopharm y Sinovac', 'Partículas Viricas SARS-CoV-2 inactivadas', '2024-01-07', 4, 0, NULL, NULL),
(1851, 951939, 'Pfizer', 'ARNm de la proteina S del SARS-CoV-2', '2024-01-07', 1, 0, 3, NULL),
(1853, 790596, 'Johnson_Johnson', 'Partículas Viricas SARS-CoV-2 inactivadas', '2024-01-07', 2, 0, NULL, NULL),
(1855, 728795, 'Pfizer', 'ARNm de la proteina S del SARS-CoV-2', '2024-01-07', 1, 0, NULL, NULL),
(1856, 736721, 'Sputnik V', 'Adenovirus rAd26::S de SARS-CoV-2', '2024-01-07', 5, 0, 3, NULL),
(1857, 605290, 'Sputnik V', 'Adenovirus rAd26::S de SARS-CoV-2', '2024-01-07', 5, 0, 1, NULL),
(1858, 687164, 'Johnson_Johnson', 'Partículas Viricas SARS-CoV-2 inactivadas', '2024-01-07', 2, 0, 1, NULL),
(1859, 935051, 'AstraZeneca', 'Adenovirus recombinante con [pS::SARS-CoV-2]', '2024-01-07', 3, 0, 1, NULL),
(1860, 91625, 'Pfizer', 'ARNm de la proteina S del SARS-CoV-2', '2024-01-07', 1, 0, 1, NULL),
(1861, 936854, 'Johnson_Johnson', 'Partículas Viricas SARS-CoV-2 inactivadas', '2024-01-07', 2, 0, 3, NULL),
(1862, 432374, 'Johnson_Johnson', 'Partículas Viricas SARS-CoV-2 inactivadas', '2024-01-07', 2, 0, 1, NULL),
(1863, 940412, 'AstraZeneca', 'Adenovirus recombinante con [pS::SARS-CoV-2]', '2024-01-07', 3, 0, 3, NULL),
(1864, 319924, 'Sputnik V', 'Adenovirus rAd26::S de SARS-CoV-2', '2024-01-07', 5, 0, 1, NULL),
(1865, 956539, 'AstraZeneca', 'Adenovirus recombinante con [pS::SARS-CoV-2]', '2024-01-07', 3, 0, 3, NULL),
(1866, 659094, 'AstraZeneca', 'Adenovirus recombinante con [pS::SARS-CoV-2]', '2024-01-07', 3, 0, 3, NULL),
(1867, 207102, 'Pfizer', 'ARNm de la proteina S del SARS-CoV-2', '2024-01-07', 1, 0, 1, NULL),
(1868, 541800, 'Johnson_Johnson', 'Partículas Viricas SARS-CoV-2 inactivadas', '2024-01-07', 2, 0, 3, NULL),
(1869, 513802, 'Pfizer', 'ARNm de la proteina S del SARS-CoV-2', '2024-01-07', 1, 0, 1, NULL),
(1870, 68865, 'Sinopharm y Sinovac', 'Partículas Viricas SARS-CoV-2 inactivadas', '2024-01-07', 4, 0, NULL, NULL),
(1871, 660593, 'Sinopharm y Sinovac', 'Partículas Viricas SARS-CoV-2 inactivadas', '2024-01-07', 4, 0, NULL, NULL),
(1872, 581836, 'Sputnik V', 'Adenovirus rAd26::S de SARS-CoV-2', '2024-01-07', 5, 0, 3, NULL),
(1873, 370073, 'Johnson_Johnson', 'Partículas Viricas SARS-CoV-2 inactivadas', '2024-01-07', 2, 0, 1, NULL),
(1875, 987597, 'Pfizer', 'ARNm de la proteina S del SARS-CoV-2', '2024-01-07', 1, 0, 1, NULL),
(1876, 492858, 'Sinopharm y Sinovac', 'Partículas Viricas SARS-CoV-2 inactivadas', '2024-01-07', 4, 0, NULL, NULL),
(1877, 638272, 'Pfizer', 'ARNm de la proteina S del SARS-CoV-2', '2024-01-07', 1, 0, 1, NULL),
(1878, 837517, 'AstraZeneca', 'Adenovirus recombinante con [pS::SARS-CoV-2]', '2024-01-07', 3, 0, 1, NULL),
(1879, 723238, 'Sinopharm y Sinovac', 'Partículas Viricas SARS-CoV-2 inactivadas', '2024-01-07', 4, 0, NULL, NULL),
(1880, 580917, 'Sputnik V', 'Adenovirus rAd26::S de SARS-CoV-2', '2024-01-07', 5, 0, 3, NULL),
(1881, 536577, 'Sinopharm y Sinovac', 'Partículas Viricas SARS-CoV-2 inactivadas', '2024-01-07', 4, 0, NULL, NULL),
(2317, 425071, 'AstraZeneca', 'Adenovirus recombinante con [pS::SARS-CoV-2]', '2024-01-14', 3, 0, 2, NULL),
(2318, 273530, 'Johnson_Johnson', 'Partículas Viricas SARS-CoV-2 inactivadas', '2024-01-14', 2, 0, NULL, NULL),
(2319, 159715, 'Johnson_Johnson', 'Partículas Viricas SARS-CoV-2 inactivadas', '2024-01-14', 2, 0, NULL, NULL),
(2320, 508909, 'Johnson_Johnson', 'Partículas Viricas SARS-CoV-2 inactivadas', '2024-01-14', 2, 0, NULL, NULL),
(2321, 760671, 'Pfizer', 'ARNm de la proteina S del SARS-CoV-2', '2024-01-14', 1, 0, NULL, NULL),
(2322, 413571, 'AstraZeneca', 'Adenovirus recombinante con [pS::SARS-CoV-2]', '2024-01-14', 3, 0, 2, NULL),
(2323, 391029, 'Sputnik V', 'Adenovirus rAd26::S de SARS-CoV-2', '2024-01-14', 5, 0, 2, NULL),
(2324, 557780, 'Pfizer', 'ARNm de la proteina S del SARS-CoV-2', '2024-01-14', 1, 0, NULL, NULL),
(2325, 54987, 'Pfizer', 'ARNm de la proteina S del SARS-CoV-2', '2024-01-14', 1, 0, NULL, NULL),
(2326, 70407, 'AstraZeneca', 'Adenovirus recombinante con [pS::SARS-CoV-2]', '2024-01-14', 3, 0, 2, NULL),
(2327, 836518, 'Sinopharm y Sinovac', 'Partículas Viricas SARS-CoV-2 inactivadas', '2024-01-14', 4, 0, NULL, NULL),
(2328, 812855, 'Pfizer', 'ARNm de la proteina S del SARS-CoV-2', '2024-01-14', 1, 0, NULL, NULL),
(2329, 808491, 'Sinopharm y Sinovac', 'Partículas Viricas SARS-CoV-2 inactivadas', '2024-01-14', 4, 0, NULL, NULL),
(2330, 26551, 'Johnson_Johnson', 'Partículas Viricas SARS-CoV-2 inactivadas', '2024-01-14', 2, 0, NULL, NULL),
(2331, 845663, 'Johnson_Johnson', 'Partículas Viricas SARS-CoV-2 inactivadas', '2024-01-14', 2, 0, NULL, NULL),
(2332, 414479, 'AstraZeneca', 'Adenovirus recombinante con [pS::SARS-CoV-2]', '2024-01-14', 3, 0, 2, NULL),
(2333, 536898, 'Pfizer', 'ARNm de la proteina S del SARS-CoV-2', '2024-01-14', 1, 0, NULL, NULL),
(2334, 719783, 'Sputnik V', 'Adenovirus rAd26::S de SARS-CoV-2', '2024-01-14', 5, 0, 2, NULL),
(2335, 885110, 'AstraZeneca', 'Adenovirus recombinante con [pS::SARS-CoV-2]', '2024-01-14', 3, 0, 2, NULL),
(2336, 998232, 'Pfizer', 'ARNm de la proteina S del SARS-CoV-2', '2024-01-14', 1, 0, NULL, NULL),
(2337, 507861, 'Sinopharm y Sinovac', 'Partículas Viricas SARS-CoV-2 inactivadas', '2024-01-14', 4, 0, NULL, NULL),
(2338, 946414, 'AstraZeneca', 'Adenovirus recombinante con [pS::SARS-CoV-2]', '2024-01-14', 3, 0, 2, NULL),
(2339, 607184, 'AstraZeneca', 'Adenovirus recombinante con [pS::SARS-CoV-2]', '2024-01-14', 3, 0, 2, NULL),
(2340, 843776, 'Johnson_Johnson', 'Partículas Viricas SARS-CoV-2 inactivadas', '2024-01-14', 2, 0, NULL, NULL),
(2341, 64153, 'Sputnik V', 'Adenovirus rAd26::S de SARS-CoV-2', '2024-01-14', 5, 0, 2, NULL),
(2342, 894198, 'Pfizer', 'ARNm de la proteina S del SARS-CoV-2', '2024-01-14', 1, 0, NULL, NULL),
(2343, 631838, 'Sinopharm y Sinovac', 'Partículas Viricas SARS-CoV-2 inactivadas', '2024-01-14', 4, 0, NULL, NULL),
(2344, 11561, 'Johnson_Johnson', 'Partículas Viricas SARS-CoV-2 inactivadas', '2024-01-14', 2, 0, NULL, NULL),
(2345, 349742, 'Sinopharm y Sinovac', 'Partículas Viricas SARS-CoV-2 inactivadas', '2024-01-14', 4, 0, NULL, NULL),
(2346, 383807, 'Sinopharm y Sinovac', 'Partículas Viricas SARS-CoV-2 inactivadas', '2024-01-14', 4, 0, NULL, NULL),
(2347, 983453, 'Sinopharm y Sinovac', 'Partículas Viricas SARS-CoV-2 inactivadas', '2024-01-14', 4, 0, NULL, NULL),
(2348, 471292, 'Pfizer', 'ARNm de la proteina S del SARS-CoV-2', '2024-01-14', 1, 0, NULL, NULL),
(2349, 505166, 'Johnson_Johnson', 'Partículas Viricas SARS-CoV-2 inactivadas', '2024-01-14', 2, 0, NULL, NULL),
(2350, 447760, 'Pfizer', 'ARNm de la proteina S del SARS-CoV-2', '2024-01-14', 1, 0, NULL, NULL),
(2351, 373893, 'Sinopharm y Sinovac', 'Partículas Viricas SARS-CoV-2 inactivadas', '2024-01-14', 4, 0, NULL, NULL),
(2352, 476055, 'Johnson_Johnson', 'Partículas Viricas SARS-CoV-2 inactivadas', '2024-01-14', 2, 0, NULL, NULL),
(2353, 648610, 'Sputnik V', 'Adenovirus rAd26::S de SARS-CoV-2', '2024-01-14', 5, 0, 2, NULL),
(2354, 625733, 'AstraZeneca', 'Adenovirus recombinante con [pS::SARS-CoV-2]', '2024-01-14', 3, 0, 2, NULL),
(2355, 773210, 'Pfizer', 'ARNm de la proteina S del SARS-CoV-2', '2024-01-14', 1, 0, NULL, NULL),
(2356, 686026, 'Sinopharm y Sinovac', 'Partículas Viricas SARS-CoV-2 inactivadas', '2024-01-14', 4, 0, NULL, NULL),
(2357, 209103, 'Johnson_Johnson', 'Partículas Viricas SARS-CoV-2 inactivadas', '2024-01-14', 2, 0, NULL, NULL),
(2358, 605137, 'Sputnik V', 'Adenovirus rAd26::S de SARS-CoV-2', '2024-01-14', 5, 0, 2, NULL),
(2359, 959423, 'AstraZeneca', 'Adenovirus recombinante con [pS::SARS-CoV-2]', '2024-01-14', 3, 0, 2, NULL),
(2360, 795651, 'Sputnik V', 'Adenovirus rAd26::S de SARS-CoV-2', '2024-01-14', 5, 0, 2, NULL),
(2361, 428226, 'AstraZeneca', 'Adenovirus recombinante con [pS::SARS-CoV-2]', '2024-01-14', 3, 0, 2, NULL),
(2362, 85878, 'Johnson_Johnson', 'Partículas Viricas SARS-CoV-2 inactivadas', '2024-01-14', 2, 0, NULL, NULL),
(2363, 988762, 'Sinopharm y Sinovac', 'Partículas Viricas SARS-CoV-2 inactivadas', '2024-01-14', 4, 0, NULL, NULL),
(2364, 668216, 'Pfizer', 'ARNm de la proteina S del SARS-CoV-2', '2024-01-14', 1, 0, NULL, NULL),
(2365, 96744, 'Sinopharm y Sinovac', 'Partículas Viricas SARS-CoV-2 inactivadas', '2024-01-14', 4, 0, NULL, NULL),
(2366, 998211, 'Johnson_Johnson', 'Partículas Viricas SARS-CoV-2 inactivadas', '2024-01-14', 2, 0, NULL, NULL),
(2367, 777794, 'Pfizer', 'ARNm de la proteina S del SARS-CoV-2', '2024-01-14', 1, 0, NULL, NULL),
(2368, 231705, 'Sputnik V', 'Adenovirus rAd26::S de SARS-CoV-2', '2024-01-14', 5, 0, 2, NULL),
(2369, 842572, 'Sinopharm y Sinovac', 'Partículas Viricas SARS-CoV-2 inactivadas', '2024-01-14', 4, 0, NULL, NULL),
(2370, 452585, 'Pfizer', 'ARNm de la proteina S del SARS-CoV-2', '2024-01-14', 1, 0, NULL, NULL),
(2371, 238828, 'AstraZeneca', 'Adenovirus recombinante con [pS::SARS-CoV-2]', '2024-01-14', 3, 0, 2, NULL),
(2372, 639859, 'Sinopharm y Sinovac', 'Partículas Viricas SARS-CoV-2 inactivadas', '2024-01-14', 4, 0, NULL, NULL),
(2373, 536479, 'Johnson_Johnson', 'Partículas Viricas SARS-CoV-2 inactivadas', '2024-01-14', 2, 0, NULL, NULL),
(2374, 50386, 'Johnson_Johnson', 'Partículas Viricas SARS-CoV-2 inactivadas', '2024-01-14', 2, 0, NULL, NULL),
(2375, 660015, 'AstraZeneca', 'Adenovirus recombinante con [pS::SARS-CoV-2]', '2024-01-14', 3, 0, 2, NULL),
(2376, 452334, 'Sputnik V', 'Adenovirus rAd26::S de SARS-CoV-2', '2024-01-14', 5, 0, 2, NULL),
(2377, 631929, 'Sinopharm y Sinovac', 'Partículas Viricas SARS-CoV-2 inactivadas', '2024-01-14', 4, 0, NULL, NULL),
(2378, 434495, 'Sinopharm y Sinovac', 'Partículas Viricas SARS-CoV-2 inactivadas', '2024-01-14', 4, 0, NULL, NULL),
(2379, 271539, 'AstraZeneca', 'Adenovirus recombinante con [pS::SARS-CoV-2]', '2024-01-14', 3, 0, 2, NULL),
(2380, 837881, 'Sinopharm y Sinovac', 'Partículas Viricas SARS-CoV-2 inactivadas', '2024-01-14', 4, 0, NULL, NULL),
(2381, 505478, 'Pfizer', 'ARNm de la proteina S del SARS-CoV-2', '2024-01-14', 1, 0, NULL, NULL),
(2382, 208551, 'Sinopharm y Sinovac', 'Partículas Viricas SARS-CoV-2 inactivadas', '2024-01-14', 4, 0, NULL, NULL),
(2383, 189313, 'AstraZeneca', 'Adenovirus recombinante con [pS::SARS-CoV-2]', '2024-01-14', 3, 0, 2, NULL),
(2384, 54423, 'Johnson_Johnson', 'Partículas Viricas SARS-CoV-2 inactivadas', '2024-01-14', 2, 0, NULL, NULL),
(2385, 114123, 'Sinopharm y Sinovac', 'Partículas Viricas SARS-CoV-2 inactivadas', '2024-01-14', 4, 0, NULL, NULL),
(2386, 603839, 'Sputnik V', 'Adenovirus rAd26::S de SARS-CoV-2', '2024-01-14', 5, 0, 2, NULL),
(2387, 177588, 'Johnson_Johnson', 'Partículas Viricas SARS-CoV-2 inactivadas', '2024-01-14', 2, 0, NULL, NULL),
(2388, 709976, 'Sinopharm y Sinovac', 'Partículas Viricas SARS-CoV-2 inactivadas', '2024-01-14', 4, 0, NULL, NULL),
(2389, 536010, 'Sinopharm y Sinovac', 'Partículas Viricas SARS-CoV-2 inactivadas', '2024-01-14', 4, 0, NULL, NULL),
(2390, 522701, 'Sinopharm y Sinovac', 'Partículas Viricas SARS-CoV-2 inactivadas', '2024-01-14', 4, 0, NULL, NULL),
(2391, 921867, 'Pfizer', 'ARNm de la proteina S del SARS-CoV-2', '2024-01-14', 1, 0, NULL, NULL),
(2392, 558282, 'Sinopharm y Sinovac', 'Partículas Viricas SARS-CoV-2 inactivadas', '2024-01-14', 4, 0, NULL, NULL),
(2393, 210919, 'Pfizer', 'ARNm de la proteina S del SARS-CoV-2', '2024-01-14', 1, 0, NULL, NULL),
(2394, 837383, 'Sputnik V', 'Adenovirus rAd26::S de SARS-CoV-2', '2024-01-14', 5, 0, 2, NULL),
(2395, 753549, 'Sinopharm y Sinovac', 'Partículas Viricas SARS-CoV-2 inactivadas', '2024-01-14', 4, 0, NULL, NULL),
(2396, 833088, 'Sputnik V', 'Adenovirus rAd26::S de SARS-CoV-2', '2024-01-14', 5, 0, 2, NULL),
(2397, 946915, 'Sputnik V', 'Adenovirus rAd26::S de SARS-CoV-2', '2024-01-14', 5, 0, 2, NULL),
(2398, 73213, 'AstraZeneca', 'Adenovirus recombinante con [pS::SARS-CoV-2]', '2024-01-14', 3, 0, 2, NULL),
(2399, 17697, 'Johnson_Johnson', 'Partículas Viricas SARS-CoV-2 inactivadas', '2024-01-14', 2, 0, NULL, NULL),
(2400, 374963, 'Johnson_Johnson', 'Partículas Viricas SARS-CoV-2 inactivadas', '2024-01-14', 2, 0, NULL, NULL),
(2401, 9581, 'Sinopharm y Sinovac', 'Partículas Viricas SARS-CoV-2 inactivadas', '2024-01-14', 4, 0, NULL, NULL),
(2402, 855035, 'Johnson_Johnson', 'Partículas Viricas SARS-CoV-2 inactivadas', '2024-01-14', 2, 0, NULL, NULL),
(2548, 74727, 'AstraZeneca', 'Adenovirus recombinante con [pS::SARS-CoV-2]', '2024-01-15', 3, 0, 2, NULL),
(2549, 833382, 'AstraZeneca', 'Adenovirus recombinante con [pS::SARS-CoV-2]', '2024-01-15', 3, 0, 2, NULL),
(2550, 695658, 'AstraZeneca', 'Adenovirus recombinante con [pS::SARS-CoV-2]', '2024-01-15', 3, 0, 2, NULL),
(2551, 449255, 'AstraZeneca', 'Adenovirus recombinante con [pS::SARS-CoV-2]', '2024-01-15', 3, 0, 2, NULL),
(2552, 54077, 'AstraZeneca', 'Adenovirus recombinante con [pS::SARS-CoV-2]', '2024-01-15', 3, 0, 2, NULL),
(2558, 809747, 'Sinopharm y Sinovac', 'Partículas Viricas SARS-CoV-2 inactivadas', '2024-01-15', 4, 0, 2, NULL),
(2559, 180348, 'Sinopharm y Sinovac', 'Partículas Viricas SARS-CoV-2 inactivadas', '2024-01-15', 4, 0, 2, NULL),
(2560, 735313, 'Sinopharm y Sinovac', 'Partículas Viricas SARS-CoV-2 inactivadas', '2024-01-15', 4, 0, 2, NULL),
(2561, 741949, 'Sinopharm y Sinovac', 'Partículas Viricas SARS-CoV-2 inactivadas', '2024-01-15', 4, 0, 2, NULL),
(2562, 740896, 'Sinopharm y Sinovac', 'Partículas Viricas SARS-CoV-2 inactivadas', '2024-01-15', 4, 0, 2, NULL),
(2573, 776229, 'Pfizer', 'ARNm de la proteina S del SARS-CoV-2', '2024-01-15', 1, 0, 3, NULL),
(2574, 266014, 'Pfizer', 'ARNm de la proteina S del SARS-CoV-2', '2024-01-15', 1, 0, 3, NULL),
(2577, 740428, 'AstraZeneca', 'Adenovirus recombinante con [pS::SARS-CoV-2]', '2024-01-15', 3, 0, 3, NULL),
(2578, 140112, 'AstraZeneca', 'Adenovirus recombinante con [pS::SARS-CoV-2]', '2024-01-15', 3, 0, 3, NULL),
(2579, 407943, 'Sinopharm y Sinovac', 'Partículas Viricas SARS-CoV-2 inactivadas', '2024-01-15', 4, 0, NULL, NULL),
(2580, 638740, 'Sinopharm y Sinovac', 'Partículas Viricas SARS-CoV-2 inactivadas', '2024-01-15', 4, 0, NULL, NULL),
(2581, 532493, 'Sputnik V', 'Adenovirus rAd26::S de SARS-CoV-2', '2024-01-15', 5, 0, 3, NULL),
(2582, 372806, 'Sputnik V', 'Adenovirus rAd26::S de SARS-CoV-2', '2024-01-15', 5, 0, 3, NULL),
(2583, 388735, 'Sputnik V', 'Adenovirus rAd26::S de SARS-CoV-2', '2024-01-15', 5, 0, 3, NULL),
(2584, 653110, 'Pfizer', 'ARNm de la proteina S del SARS-CoV-2', '2024-01-15', 1, 0, NULL, NULL),
(2587, 15626, 'AstraZeneca', 'Adenovirus recombinante con [pS::SARS-CoV-2]', '2024-01-15', 3, 0, 2, NULL),
(2588, 988445, 'AstraZeneca', 'Adenovirus recombinante con [pS::SARS-CoV-2]', '2024-01-15', 3, 0, 2, NULL),
(2589, 853770, 'AstraZeneca', 'Adenovirus recombinante con [pS::SARS-CoV-2]', '2024-01-15', 3, 0, 2, NULL),
(2590, 329406, 'Sinopharm y Sinovac', 'Partículas Viricas SARS-CoV-2 inactivadas', '2024-01-15', 4, 0, 2, NULL),
(2591, 421180, 'Sinopharm y Sinovac', 'Partículas Viricas SARS-CoV-2 inactivadas', '2024-01-15', 4, 0, 2, NULL),
(2592, 428233, 'Sinopharm y Sinovac', 'Partículas Viricas SARS-CoV-2 inactivadas', '2024-01-15', 4, 0, 2, NULL),
(2593, 64845, 'Sinopharm y Sinovac', 'Partículas Viricas SARS-CoV-2 inactivadas', '2024-01-15', 4, 0, 2, NULL),
(2594, 983587, 'Sputnik V', 'Adenovirus rAd26::S de SARS-CoV-2', '2024-01-15', 5, 0, 2, NULL),
(2595, 8769, 'Sputnik V', 'Adenovirus rAd26::S de SARS-CoV-2', '2024-01-15', 5, 0, 2, NULL),
(2596, 532954, 'Sputnik V', 'Adenovirus rAd26::S de SARS-CoV-2', '2024-01-15', 5, 0, 2, NULL),
(2597, 484895, 'Sputnik V', 'Adenovirus rAd26::S de SARS-CoV-2', '2024-01-15', 5, 0, 2, NULL),
(2598, 149246, 'Sputnik V', 'Adenovirus rAd26::S de SARS-CoV-2', '2024-01-15', 5, 0, 2, NULL),
(2599, 154453, 'Sinopharm y Sinovac', 'Partículas Viricas SARS-CoV-2 inactivadas', '2024-01-15', 4, 0, 1, NULL),
(2600, 260752, 'Sinopharm y Sinovac', 'Partículas Viricas SARS-CoV-2 inactivadas', '2024-01-15', 4, 0, 1, NULL),
(2601, 13227, 'Sinopharm y Sinovac', 'Partículas Viricas SARS-CoV-2 inactivadas', '2024-01-15', 4, 0, 1, NULL),
(2602, 527995, 'Sinopharm y Sinovac', 'Partículas Viricas SARS-CoV-2 inactivadas', '2024-01-15', 4, 0, 1, NULL),
(2603, 776789, 'Sinopharm y Sinovac', 'Partículas Viricas SARS-CoV-2 inactivadas', '2024-01-15', 4, 0, 1, NULL),
(2604, 46970, 'Sinopharm y Sinovac', 'Partículas Viricas SARS-CoV-2 inactivadas', '2024-01-15', 4, 0, 1, NULL),
(2605, 780610, 'Pfizer', 'ARNm de la proteina S del SARS-CoV-2', '2024-01-15', 1, 0, 1, NULL),
(2606, 763180, 'Pfizer', 'ARNm de la proteina S del SARS-CoV-2', '2024-01-15', 1, 0, 1, NULL),
(2607, 809075, 'Pfizer', 'ARNm de la proteina S del SARS-CoV-2', '2024-01-15', 1, 0, 1, NULL),
(2608, 290302, 'Pfizer', 'ARNm de la proteina S del SARS-CoV-2', '2024-01-15', 1, 0, 1, NULL),
(2609, 118760, 'Pfizer', 'ARNm de la proteina S del SARS-CoV-2', '2024-01-15', 1, 0, 1, NULL),
(2610, 844494, 'Pfizer', 'ARNm de la proteina S del SARS-CoV-2', '2024-01-15', 1, 0, 1, NULL),
(2611, 233260, 'Pfizer', 'ARNm de la proteina S del SARS-CoV-2', '2024-01-15', 1, 0, 1, NULL),
(2612, 125862, 'Pfizer', 'ARNm de la proteina S del SARS-CoV-2', '2024-01-15', 1, 0, 1, NULL),
(2613, 620972, 'Pfizer', 'ARNm de la proteina S del SARS-CoV-2', '2024-01-15', 1, 0, 1, NULL),
(2614, 448243, 'Pfizer', 'ARNm de la proteina S del SARS-CoV-2', '2024-01-15', 1, 0, 1, NULL),
(2615, 486282, 'Pfizer', 'ARNm de la proteina S del SARS-CoV-2', '2024-01-15', 1, 0, 1, NULL),
(2616, 348193, 'Pfizer', 'ARNm de la proteina S del SARS-CoV-2', '2024-01-15', 1, 0, 1, NULL),
(2617, 174389, 'Pfizer', 'ARNm de la proteina S del SARS-CoV-2', '2024-01-15', 1, 0, NULL, NULL),
(2618, 643861, 'Pfizer', 'ARNm de la proteina S del SARS-CoV-2', '2024-01-15', 1, 0, NULL, NULL),
(2619, 75594, 'Pfizer', 'ARNm de la proteina S del SARS-CoV-2', '2024-01-15', 1, 0, NULL, NULL),
(2620, 855891, 'Pfizer', 'ARNm de la proteina S del SARS-CoV-2', '2024-01-15', 1, 0, NULL, NULL),
(2621, 428853, 'Pfizer', 'ARNm de la proteina S del SARS-CoV-2', '2024-01-15', 1, 0, NULL, NULL),
(2622, 785068, 'Pfizer', 'ARNm de la proteina S del SARS-CoV-2', '2024-01-15', 1, 0, NULL, NULL),
(2623, 216992, 'Pfizer', 'ARNm de la proteina S del SARS-CoV-2', '2024-01-15', 1, 0, NULL, NULL),
(2624, 447554, 'Pfizer', 'ARNm de la proteina S del SARS-CoV-2', '2024-01-15', 1, 0, NULL, NULL),
(2625, 867382, 'Pfizer', 'ARNm de la proteina S del SARS-CoV-2', '2024-01-15', 1, 0, NULL, NULL),
(2626, 171901, 'Pfizer', 'ARNm de la proteina S del SARS-CoV-2', '2024-01-15', 1, 0, NULL, NULL),
(2627, 444562, 'Pfizer', 'ARNm de la proteina S del SARS-CoV-2', '2024-01-15', 1, 0, NULL, NULL),
(2628, 801119, 'Pfizer', 'ARNm de la proteina S del SARS-CoV-2', '2024-01-15', 1, 0, NULL, NULL),
(2629, 649248, 'Pfizer', 'ARNm de la proteina S del SARS-CoV-2', '2024-01-15', 1, 0, 3, NULL),
(2630, 548508, 'Pfizer', 'ARNm de la proteina S del SARS-CoV-2', '2024-01-15', 1, 0, 3, NULL),
(2631, 441279, 'Pfizer', 'ARNm de la proteina S del SARS-CoV-2', '2024-01-15', 1, 0, 3, NULL),
(2632, 699064, 'Pfizer', 'ARNm de la proteina S del SARS-CoV-2', '2024-01-15', 1, 0, 3, NULL),
(2633, 967463, 'Pfizer', 'ARNm de la proteina S del SARS-CoV-2', '2024-01-15', 1, 0, NULL, NULL),
(2634, 490948, 'Pfizer', 'ARNm de la proteina S del SARS-CoV-2', '2024-01-15', 1, 0, NULL, NULL),
(2635, 700185, 'Pfizer', 'ARNm de la proteina S del SARS-CoV-2', '2024-01-15', 1, 0, NULL, NULL),
(2636, 756293, 'Pfizer', 'ARNm de la proteina S del SARS-CoV-2', '2024-01-15', 1, 0, NULL, NULL),
(2637, 45461, 'Pfizer', 'ARNm de la proteina S del SARS-CoV-2', '2024-01-15', 1, 0, NULL, NULL),
(2638, 240671, 'Pfizer', 'ARNm de la proteina S del SARS-CoV-2', '2024-01-15', 1, 0, NULL, NULL),
(2639, 942204, 'Pfizer', 'ARNm de la proteina S del SARS-CoV-2', '2024-01-15', 1, 0, NULL, NULL),
(2640, 589693, 'Pfizer', 'ARNm de la proteina S del SARS-CoV-2', '2024-01-15', 1, 0, NULL, NULL),
(2641, 195597, 'Pfizer', 'ARNm de la proteina S del SARS-CoV-2', '2024-01-15', 1, 0, NULL, NULL),
(2642, 313796, 'Pfizer', 'ARNm de la proteina S del SARS-CoV-2', '2024-01-15', 1, 0, NULL, NULL),
(2643, 30132, 'Pfizer', 'ARNm de la proteina S del SARS-CoV-2', '2024-01-15', 1, 0, NULL, NULL),
(2644, 283404, 'Pfizer', 'ARNm de la proteina S del SARS-CoV-2', '2024-01-15', 1, 0, NULL, NULL),
(2645, 941233, 'Pfizer', 'ARNm de la proteina S del SARS-CoV-2', '2024-01-15', 1, 0, NULL, NULL),
(2646, 521962, 'Pfizer', 'ARNm de la proteina S del SARS-CoV-2', '2024-01-15', 1, 0, NULL, NULL),
(2647, 713053, 'Pfizer', 'ARNm de la proteina S del SARS-CoV-2', '2024-01-15', 1, 0, NULL, NULL),
(2648, 950111, 'Pfizer', 'ARNm de la proteina S del SARS-CoV-2', '2024-01-15', 1, 0, NULL, NULL),
(2649, 64468, 'Johnson_Johnson', 'Partículas Viricas SARS-CoV-2 inactivadas', '2024-01-15', 2, 0, 3, NULL),
(2650, 877425, 'Johnson_Johnson', 'Partículas Viricas SARS-CoV-2 inactivadas', '2024-01-15', 2, 0, 3, NULL),
(2651, 911425, 'Johnson_Johnson', 'Partículas Viricas SARS-CoV-2 inactivadas', '2024-01-15', 2, 0, 3, NULL),
(2652, 166241, 'Johnson_Johnson', 'Partículas Viricas SARS-CoV-2 inactivadas', '2024-01-15', 2, 0, 3, NULL),
(2653, 583227, 'Johnson_Johnson', 'Partículas Viricas SARS-CoV-2 inactivadas', '2024-01-15', 2, 0, 3, NULL),
(2654, 223267, 'Johnson_Johnson', 'Partículas Viricas SARS-CoV-2 inactivadas', '2024-01-15', 2, 0, 3, NULL),
(2655, 410288, 'Johnson_Johnson', 'Partículas Viricas SARS-CoV-2 inactivadas', '2024-01-15', 2, 0, NULL, NULL),
(2656, 67703, 'Johnson_Johnson', 'Partículas Viricas SARS-CoV-2 inactivadas', '2024-01-15', 2, 0, NULL, NULL),
(2657, 84250, 'Johnson_Johnson', 'Partículas Viricas SARS-CoV-2 inactivadas', '2024-01-15', 2, 0, NULL, NULL),
(2658, 328980, 'Johnson_Johnson', 'Partículas Viricas SARS-CoV-2 inactivadas', '2024-01-15', 2, 0, NULL, NULL),
(2659, 273214, 'Pfizer', 'ARNm de la proteina S del SARS-CoV-2', '2024-01-15', 1, 0, NULL, NULL),
(2660, 940058, 'Pfizer', 'ARNm de la proteina S del SARS-CoV-2', '2024-01-15', 1, 0, NULL, NULL),
(2661, 624543, 'Pfizer', 'ARNm de la proteina S del SARS-CoV-2', '2024-01-15', 1, 0, NULL, NULL),
(2662, 501982, 'Johnson_Johnson', 'Partículas Viricas SARS-CoV-2 inactivadas', '2024-01-15', 2, 0, NULL, NULL),
(2663, 58154, 'Johnson_Johnson', 'Partículas Viricas SARS-CoV-2 inactivadas', '2024-01-15', 2, 0, NULL, NULL),
(2664, 475982, 'Pfizer', 'ARNm de la proteina S del SARS-CoV-2', '2024-01-15', 1, 0, NULL, NULL),
(2665, 297888, 'Pfizer', 'ARNm de la proteina S del SARS-CoV-2', '2024-01-15', 1, 0, NULL, NULL),
(2666, 711053, 'Pfizer', 'ARNm de la proteina S del SARS-CoV-2', '2024-01-15', 1, 0, NULL, NULL),
(2667, 239392, 'Pfizer', 'ARNm de la proteina S del SARS-CoV-2', '2024-01-15', 1, 0, NULL, NULL),
(2668, 302191, 'Pfizer', 'ARNm de la proteina S del SARS-CoV-2', '2024-01-15', 1, 0, NULL, NULL),
(2669, 349510, 'Johnson_Johnson', 'Partículas Viricas SARS-CoV-2 inactivadas', '2024-01-15', 2, 0, NULL, NULL),
(2670, 771425, 'Johnson_Johnson', 'Partículas Viricas SARS-CoV-2 inactivadas', '2024-01-15', 2, 0, NULL, NULL),
(2671, 378110, 'AstraZeneca', 'Adenovirus recombinante con [pS::SARS-CoV-2]', '2024-01-15', 3, 0, NULL, NULL),
(2672, 89072, 'AstraZeneca', 'Adenovirus recombinante con [pS::SARS-CoV-2]', '2024-01-15', 3, 0, NULL, NULL),
(2673, 490167, 'AstraZeneca', 'Adenovirus recombinante con [pS::SARS-CoV-2]', '2024-01-15', 3, 0, NULL, NULL),
(2674, 136748, 'AstraZeneca', 'Adenovirus recombinante con [pS::SARS-CoV-2]', '2024-01-15', 3, 0, NULL, NULL),
(2675, 932295, 'Sputnik V', 'Adenovirus rAd26::S de SARS-CoV-2', '2024-01-15', 5, 0, NULL, NULL),
(2676, 362125, 'Sputnik V', 'Adenovirus rAd26::S de SARS-CoV-2', '2024-01-15', 5, 0, NULL, NULL),
(2677, 670208, 'Sputnik V', 'Adenovirus rAd26::S de SARS-CoV-2', '2024-01-15', 5, 0, NULL, NULL),
(2678, 67627, 'Sputnik V', 'Adenovirus rAd26::S de SARS-CoV-2', '2024-01-15', 5, 0, NULL, NULL),
(2679, 251695, 'Pfizer', 'ARNm de la proteina S del SARS-CoV-2', '2024-01-15', 1, 0, NULL, NULL),
(2680, 431801, 'Pfizer', 'ARNm de la proteina S del SARS-CoV-2', '2024-01-15', 1, 0, NULL, NULL),
(2681, 7015, 'Pfizer', 'ARNm de la proteina S del SARS-CoV-2', '2024-01-15', 1, 0, NULL, NULL),
(2682, 606851, 'Pfizer', 'ARNm de la proteina S del SARS-CoV-2', '2024-01-15', 1, 0, NULL, NULL),
(2683, 871163, 'Pfizer', 'ARNm de la proteina S del SARS-CoV-2', '2024-01-15', 1, 0, NULL, NULL),
(2684, 458993, 'Pfizer', 'ARNm de la proteina S del SARS-CoV-2', '2024-01-15', 1, 0, NULL, NULL),
(2685, 352804, 'Pfizer', 'ARNm de la proteina S del SARS-CoV-2', '2024-01-15', 1, 0, NULL, NULL),
(2686, 629935, 'Pfizer', 'ARNm de la proteina S del SARS-CoV-2', '2024-01-15', 1, 0, NULL, NULL),
(2687, 397920, 'Pfizer', 'ARNm de la proteina S del SARS-CoV-2', '2024-01-15', 1, 0, NULL, NULL),
(2688, 814418, 'Pfizer', 'ARNm de la proteina S del SARS-CoV-2', '2024-01-15', 1, 0, NULL, NULL),
(2689, 625568, 'Pfizer', 'ARNm de la proteina S del SARS-CoV-2', '2024-01-15', 1, 0, NULL, NULL),
(2690, 130494, 'Pfizer', 'ARNm de la proteina S del SARS-CoV-2', '2024-01-15', 1, 0, NULL, NULL),
(2691, 301202, 'Pfizer', 'ARNm de la proteina S del SARS-CoV-2', '2024-01-15', 1, 0, NULL, NULL),
(2692, 665835, 'Pfizer', 'ARNm de la proteina S del SARS-CoV-2', '2024-01-15', 1, 0, NULL, NULL),
(2693, 775094, 'Pfizer', 'ARNm de la proteina S del SARS-CoV-2', '2024-01-15', 1, 0, NULL, NULL),
(2694, 653311, 'Pfizer', 'ARNm de la proteina S del SARS-CoV-2', '2024-01-15', 1, 0, NULL, NULL),
(2695, 754389, 'Pfizer', 'ARNm de la proteina S del SARS-CoV-2', '2024-01-15', 1, 0, NULL, NULL),
(2696, 818142, 'Pfizer', 'ARNm de la proteina S del SARS-CoV-2', '2024-01-15', 1, 0, NULL, NULL),
(2697, 187775, 'Pfizer', 'ARNm de la proteina S del SARS-CoV-2', '2024-01-15', 1, 0, NULL, NULL),
(2698, 491490, 'Pfizer', 'ARNm de la proteina S del SARS-CoV-2', '2024-01-15', 1, 0, NULL, NULL),
(2699, 630890, 'Sputnik V', 'Adenovirus rAd26::S de SARS-CoV-2', '2024-01-15', 5, 0, NULL, NULL),
(2700, 518298, 'Sputnik V', 'Adenovirus rAd26::S de SARS-CoV-2', '2024-01-15', 5, 0, NULL, NULL),
(2701, 109838, 'Sputnik V', 'Adenovirus rAd26::S de SARS-CoV-2', '2024-01-15', 5, 0, NULL, NULL),
(2702, 529510, 'Sputnik V', 'Adenovirus rAd26::S de SARS-CoV-2', '2024-01-15', 5, 0, NULL, NULL),
(2703, 186786, 'Sputnik V', 'Adenovirus rAd26::S de SARS-CoV-2', '2024-01-15', 5, 0, NULL, NULL),
(2704, 847756, 'Sputnik V', 'Adenovirus rAd26::S de SARS-CoV-2', '2024-01-15', 5, 0, NULL, NULL),
(2705, 981827, 'Sputnik V', 'Adenovirus rAd26::S de SARS-CoV-2', '2024-01-15', 5, 0, NULL, NULL),
(2706, 793702, 'Sputnik V', 'Adenovirus rAd26::S de SARS-CoV-2', '2024-01-15', 5, 0, NULL, NULL),
(2707, 300470, 'Sputnik V', 'Adenovirus rAd26::S de SARS-CoV-2', '2024-01-15', 5, 0, NULL, NULL),
(2708, 916148, 'Sputnik V', 'Adenovirus rAd26::S de SARS-CoV-2', '2024-01-15', 5, 0, NULL, NULL),
(2709, 62082, 'Sputnik V', 'Adenovirus rAd26::S de SARS-CoV-2', '2024-01-15', 5, 0, NULL, NULL),
(2710, 330765, 'Sputnik V', 'Adenovirus rAd26::S de SARS-CoV-2', '2024-01-15', 5, 0, NULL, NULL),
(2711, 434773, 'Pfizer', 'ARNm de la proteina S del SARS-CoV-2', '2024-01-15', 1, 0, NULL, NULL),
(2712, 832940, 'Pfizer', 'ARNm de la proteina S del SARS-CoV-2', '2024-01-15', 1, 0, NULL, NULL),
(2713, 805687, 'Johnson_Johnson', 'Partículas Viricas SARS-CoV-2 inactivadas', '2024-01-15', 2, 0, NULL, NULL),
(2714, 932343, 'Johnson_Johnson', 'Partículas Viricas SARS-CoV-2 inactivadas', '2024-01-15', 2, 0, NULL, NULL),
(2715, 492610, 'Johnson_Johnson', 'Partículas Viricas SARS-CoV-2 inactivadas', '2024-01-15', 2, 0, NULL, NULL),
(2716, 612154, 'AstraZeneca', 'Adenovirus recombinante con [pS::SARS-CoV-2]', '2024-01-15', 3, 0, NULL, NULL),
(2717, 498041, 'AstraZeneca', 'Adenovirus recombinante con [pS::SARS-CoV-2]', '2024-01-15', 3, 0, NULL, NULL),
(2718, 841054, 'AstraZeneca', 'Adenovirus recombinante con [pS::SARS-CoV-2]', '2024-01-15', 3, 0, NULL, NULL),
(2719, 651173, 'Johnson_Johnson', 'Partículas Viricas SARS-CoV-2 inactivadas', '2024-01-15', 2, 0, NULL, NULL),
(2720, 783585, 'Pfizer', 'ARNm de la proteina S del SARS-CoV-2', '2024-01-15', 1, 0, NULL, NULL),
(2721, 500784, 'Johnson_Johnson', 'Partículas Viricas SARS-CoV-2 inactivadas', '2024-01-15', 2, 0, NULL, NULL),
(2722, 706615, 'AstraZeneca', 'Adenovirus recombinante con [pS::SARS-CoV-2]', '2024-01-15', 3, 0, NULL, NULL),
(2723, 504452, 'Sinopharm y Sinovac', 'Partículas Viricas SARS-CoV-2 inactivadas', '2024-01-15', 4, 0, NULL, NULL),
(2724, 324978, 'Sputnik V', 'Adenovirus rAd26::S de SARS-CoV-2', '2024-01-15', 5, 0, NULL, NULL),
(2725, 429127, 'Sputnik V', 'Adenovirus rAd26::S de SARS-CoV-2', '2024-01-15', 5, 0, 2, NULL),
(2726, 478830, 'AstraZeneca', 'Adenovirus recombinante con [pS::SARS-CoV-2]', '2024-01-15', 3, 0, 2, NULL),
(2727, 263337, 'Sputnik V', 'Adenovirus rAd26::S de SARS-CoV-2', '2024-01-15', 5, 0, 1, NULL),
(2728, 610814, 'Pfizer', 'ARNm de la proteina S del SARS-CoV-2', '2024-01-15', 1, 0, 1, NULL),
(2729, 557236, 'Pfizer', 'ARNm de la proteina S del SARS-CoV-2', '2024-01-15', 1, 0, 1, NULL),
(2730, 841760, 'Pfizer', 'ARNm de la proteina S del SARS-CoV-2', '2024-01-15', 1, 0, 1, NULL),
(2731, 534430, 'Pfizer', 'ARNm de la proteina S del SARS-CoV-2', '2024-01-15', 1, 0, 1, NULL),
(2732, 405062, 'Pfizer', 'ARNm de la proteina S del SARS-CoV-2', '2024-01-15', 1, 0, 1, NULL),
(2733, 710817, 'Pfizer', 'ARNm de la proteina S del SARS-CoV-2', '2024-01-15', 1, 0, 1, NULL),
(2734, 860036, 'Johnson_Johnson', 'Partículas Viricas SARS-CoV-2 inactivadas', '2024-01-15', 2, 0, 1, NULL),
(2735, 533586, 'Johnson_Johnson', 'Partículas Viricas SARS-CoV-2 inactivadas', '2024-01-15', 2, 0, 1, NULL),
(2736, 284713, 'Johnson_Johnson', 'Partículas Viricas SARS-CoV-2 inactivadas', '2024-01-15', 2, 0, 1, NULL),
(2737, 582555, 'Johnson_Johnson', 'Partículas Viricas SARS-CoV-2 inactivadas', '2024-01-15', 2, 0, 1, NULL),
(2738, 788855, 'Johnson_Johnson', 'Partículas Viricas SARS-CoV-2 inactivadas', '2024-01-15', 2, 0, NULL, NULL),
(2739, 176074, 'Johnson_Johnson', 'Partículas Viricas SARS-CoV-2 inactivadas', '2024-01-15', 2, 0, NULL, NULL),
(2740, 23483, 'Johnson_Johnson', 'Partículas Viricas SARS-CoV-2 inactivadas', '2024-01-15', 2, 0, NULL, NULL),
(2741, 222651, 'Johnson_Johnson', 'Partículas Viricas SARS-CoV-2 inactivadas', '2024-01-15', 2, 0, NULL, NULL),
(2742, 609589, 'Pfizer', 'ARNm de la proteina S del SARS-CoV-2', '2024-01-15', 1, 0, NULL, NULL),
(2743, 387666, 'Pfizer', 'ARNm de la proteina S del SARS-CoV-2', '2024-01-15', 1, 0, NULL, NULL),
(2744, 59895, 'Pfizer', 'ARNm de la proteina S del SARS-CoV-2', '2024-01-15', 1, 0, NULL, NULL),
(2745, 715576, 'Pfizer', 'ARNm de la proteina S del SARS-CoV-2', '2024-01-15', 1, 0, NULL, NULL),
(2746, 364998, 'Pfizer', 'ARNm de la proteina S del SARS-CoV-2', '2024-01-15', 1, 0, NULL, NULL),
(2747, 296775, 'Pfizer', 'ARNm de la proteina S del SARS-CoV-2', '2024-01-15', 1, 0, NULL, NULL),
(2748, 451915, 'Pfizer', 'ARNm de la proteina S del SARS-CoV-2', '2024-01-15', 1, 0, NULL, NULL),
(2749, 851637, 'Pfizer', 'ARNm de la proteina S del SARS-CoV-2', '2024-01-15', 1, 0, NULL, NULL),
(2750, 312907, 'Johnson_Johnson', 'Partículas Viricas SARS-CoV-2 inactivadas', '2024-01-15', 2, 0, 2, NULL),
(2751, 230530, 'Johnson_Johnson', 'Partículas Viricas SARS-CoV-2 inactivadas', '2024-01-15', 2, 0, 2, NULL),
(2752, 581917, 'Johnson_Johnson', 'Partículas Viricas SARS-CoV-2 inactivadas', '2024-01-15', 2, 0, 2, NULL),
(2753, 849896, 'Johnson_Johnson', 'Partículas Viricas SARS-CoV-2 inactivadas', '2024-01-15', 2, 0, 2, NULL),
(2754, 538350, 'Johnson_Johnson', 'Partículas Viricas SARS-CoV-2 inactivadas', '2024-01-15', 2, 0, 2, NULL),
(2755, 633487, 'Johnson_Johnson', 'Partículas Viricas SARS-CoV-2 inactivadas', '2024-01-15', 2, 0, 2, NULL),
(2756, 724407, 'Sputnik V', 'Adenovirus rAd26::S de SARS-CoV-2', '2024-01-15', 5, 0, 1, NULL),
(2757, 149751, 'Sputnik V', 'Adenovirus rAd26::S de SARS-CoV-2', '2024-01-15', 5, 0, 1, NULL),
(2758, 120401, 'Sputnik V', 'Adenovirus rAd26::S de SARS-CoV-2', '2024-01-15', 5, 0, 1, NULL),
(2759, 355414, 'Sputnik V', 'Adenovirus rAd26::S de SARS-CoV-2', '2024-01-15', 5, 0, 1, NULL),
(2760, 196015, 'Sputnik V', 'Adenovirus rAd26::S de SARS-CoV-2', '2024-01-15', 5, 0, 1, NULL),
(2761, 836693, 'AstraZeneca', 'Adenovirus recombinante con [pS::SARS-CoV-2]', '2024-01-15', 3, 0, 1, NULL),
(2762, 973417, 'AstraZeneca', 'Adenovirus recombinante con [pS::SARS-CoV-2]', '2024-01-15', 3, 0, 1, NULL),
(2763, 238837, 'AstraZeneca', 'Adenovirus recombinante con [pS::SARS-CoV-2]', '2024-01-15', 3, 0, 1, NULL),
(2764, 345200, 'AstraZeneca', 'Adenovirus recombinante con [pS::SARS-CoV-2]', '2024-01-15', 3, 0, 1, NULL),
(2765, 888225, 'AstraZeneca', 'Adenovirus recombinante con [pS::SARS-CoV-2]', '2024-01-15', 3, 0, 1, NULL),
(2766, 396641, 'AstraZeneca', 'Adenovirus recombinante con [pS::SARS-CoV-2]', '2024-01-15', 3, 0, 1, NULL),
(2767, 525894, 'AstraZeneca', 'Adenovirus recombinante con [pS::SARS-CoV-2]', '2024-01-15', 3, 0, 1, NULL),
(2768, 13771, 'Pfizer', 'ARNm de la proteina S del SARS-CoV-2', '2024-01-15', 1, 0, NULL, NULL),
(2769, 814665, 'Pfizer', 'ARNm de la proteina S del SARS-CoV-2', '2024-01-15', 1, 0, NULL, NULL),
(2770, 7770, 'Pfizer', 'ARNm de la proteina S del SARS-CoV-2', '2024-01-15', 1, 0, NULL, NULL),
(2771, 472238, 'Pfizer', 'ARNm de la proteina S del SARS-CoV-2', '2024-01-15', 1, 0, NULL, NULL),
(2772, 759562, 'Pfizer', 'ARNm de la proteina S del SARS-CoV-2', '2024-01-15', 1, 0, 2, NULL),
(2773, 778369, 'Pfizer', 'ARNm de la proteina S del SARS-CoV-2', '2024-01-15', 1, 0, 2, NULL),
(2774, 658863, 'Pfizer', 'ARNm de la proteina S del SARS-CoV-2', '2024-01-15', 1, 0, 2, NULL),
(2775, 955106, 'Pfizer', 'ARNm de la proteina S del SARS-CoV-2', '2024-01-15', 1, 0, 2, NULL),
(2776, 568080, 'Johnson_Johnson', 'Partículas Viricas SARS-CoV-2 inactivadas', '2024-01-15', 2, 0, 2, NULL),
(2777, 814937, 'Johnson_Johnson', 'Partículas Viricas SARS-CoV-2 inactivadas', '2024-01-15', 2, 0, 2, NULL),
(2778, 137146, 'Johnson_Johnson', 'Partículas Viricas SARS-CoV-2 inactivadas', '2024-01-15', 2, 0, 2, NULL),
(2779, 793386, 'Johnson_Johnson', 'Partículas Viricas SARS-CoV-2 inactivadas', '2024-01-15', 2, 0, 2, NULL),
(2780, 653, 'Johnson_Johnson', 'Partículas Viricas SARS-CoV-2 inactivadas', '2024-01-15', 2, 0, 2, NULL),
(2781, 351257, 'Johnson_Johnson', 'Partículas Viricas SARS-CoV-2 inactivadas', '2024-01-15', 2, 0, 2, NULL),
(2782, 938566, 'Sputnik V', 'Adenovirus rAd26::S de SARS-CoV-2', '2024-01-15', 5, 0, 1, NULL),
(2783, 959374, 'Sputnik V', 'Adenovirus rAd26::S de SARS-CoV-2', '2024-01-15', 5, 0, 1, NULL),
(2784, 727618, 'Sputnik V', 'Adenovirus rAd26::S de SARS-CoV-2', '2024-01-15', 5, 0, 1, NULL),
(2785, 817778, 'Sputnik V', 'Adenovirus rAd26::S de SARS-CoV-2', '2024-01-15', 5, 0, 1, NULL),
(2786, 168574, 'Sputnik V', 'Adenovirus rAd26::S de SARS-CoV-2', '2024-01-15', 5, 0, 1, NULL),
(2787, 855121, 'AstraZeneca', 'Adenovirus recombinante con [pS::SARS-CoV-2]', '2024-01-15', 3, 0, 1, NULL),
(2788, 177263, 'AstraZeneca', 'Adenovirus recombinante con [pS::SARS-CoV-2]', '2024-01-15', 3, 0, 1, NULL),
(2789, 786202, 'AstraZeneca', 'Adenovirus recombinante con [pS::SARS-CoV-2]', '2024-01-15', 3, 0, 1, NULL),
(2790, 672464, 'AstraZeneca', 'Adenovirus recombinante con [pS::SARS-CoV-2]', '2024-01-15', 3, 0, 1, NULL),
(2791, 350662, 'AstraZeneca', 'Adenovirus recombinante con [pS::SARS-CoV-2]', '2024-01-15', 3, 0, 1, NULL),
(2792, 594770, 'AstraZeneca', 'Adenovirus recombinante con [pS::SARS-CoV-2]', '2024-01-15', 3, 0, 1, NULL),
(2793, 728811, 'AstraZeneca', 'Adenovirus recombinante con [pS::SARS-CoV-2]', '2024-01-15', 3, 0, 1, NULL),
(2794, 220479, 'Sputnik', 'Adenovirus Ad26 y Ad5', '2024-01-26', 5, 0, 1, NULL),
(2795, 553221, 'Sputnik', 'Adenovirus Ad26 y Ad5', '2024-01-26', 5, 0, 2, NULL),
(2796, 235888, 'Sputnik', 'Adenovirus Ad26 y Ad5', '2024-01-26', 5, 0, 1, NULL),
(2797, 583796, 'Sputnik', 'Adenovirus Ad26 y Ad5', '2024-01-26', 5, 0, 1, NULL),
(2798, 930107, 'Sputnik', 'Adenovirus Ad26 y Ad5', '2024-01-26', 5, 0, 2, NULL),
(2799, 86882, 'Sputnik', 'Adenovirus Ad26 y Ad5', '2024-01-26', 5, 0, 2, NULL),
(2800, 16442, 'Pfizer', 'ARN mensajero (ARNm)', '2024-01-26', 1, 0, 3, NULL),
(2801, 150962, 'Pfizer', 'ARN mensajero (ARNm)', '2024-01-26', 1, 0, 3, NULL),
(2802, 22003, 'Pfizer', 'ARN mensajero (ARNm)', '2024-01-26', 1, 0, 3, NULL),
(2803, 409946, 'Sputnik', 'Adenovirus Ad26 y Ad5', '2024-01-26', 5, 0, 2, NULL),
(2804, 742092, 'Sputnik', 'Adenovirus Ad26 y Ad5', '2024-01-26', 5, 0, 2, NULL),
(2805, 925001, 'Sinopharm', 'Adenovirus Ad26 y Ad5', '2024-01-26', 5, 0, 2, NULL),
(2806, 314125, 'Sinopharm', 'Adenovirus Ad26 y Ad5', '2024-01-26', 5, 0, 2, NULL),
(2807, 908298, 'Sputnik', 'Adenovirus Ad26 y Ad5', '2024-01-26', 5, 0, 1, NULL),
(2808, 140856, 'Sputnik', 'Adenovirus Ad26 y Ad5', '2024-01-26', 5, 0, 1, NULL),
(2809, 283922, 'Pfizer', 'ARN mensajero (ARNm)', '2024-01-26', 1, 0, 1, NULL),
(2810, 716436, 'Pfizer', 'ARN mensajero (ARNm)', '2024-01-26', 1, 0, 1, NULL),
(2811, 970020, 'Sinopharm', 'Adenovirus Ad26 y Ad5', '2024-01-26', 5, 0, 1, NULL),
(2812, 277405, 'Sinopharm', 'Adenovirus Ad26 y Ad5', '2024-01-26', 5, 0, 1, NULL),
(2813, 236233, 'Sputnik V', 'Adenovirus Ad26 y Ad5', '2024-01-26', 5, 0, 1, NULL),
(2814, 695402, 'Sputnik V', 'Adenovirus Ad26 y Ad5', '2024-01-26', 5, 0, 1, NULL),
(2815, 684906, 'Sputnik V', 'Adenovirus Ad26 y Ad5', '2024-01-26', 5, 0, 1, NULL),
(2816, 687149, 'Sputnik V', 'Adenovirus Ad26 y Ad5', '2024-01-26', 5, 0, 1, NULL),
(2817, 625652, 'Sputnik V', 'Adenovirus Ad26 y Ad5', '2024-01-26', 5, 0, 1, NULL),
(2818, 87069, 'Sputnik V', 'Adenovirus Ad26 y Ad5', '2024-01-26', 5, 0, 1, NULL),
(2819, 555097, 'Sputnik V', 'Adenovirus Ad26 y Ad5', '2024-01-26', 5, 0, 1, NULL),
(2820, 995298, 'Sputnik V', 'Adenovirus Ad26 y Ad5', '2024-01-26', 5, 0, 1, NULL),
(2821, 207399, 'Sinopharm y Sinovac', 'Partículas SARS-CoV-2 desactivadas', '2024-01-26', 4, 0, NULL, NULL),
(2822, 90389, 'Sinopharm y Sinovac', 'Partículas SARS-CoV-2 desactivadas', '2024-01-26', 4, 0, NULL, NULL),
(2823, 16917, 'Sputnik V', 'Adenovirus Ad26 y Ad5', '2024-01-26', 5, 0, 1, NULL),
(2824, 423509, 'Sputnik V', 'Adenovirus Ad26 y Ad5', '2024-01-26', 5, 0, 1, NULL),
(2825, 305139, 'Sinopharm y Sinovac', 'Partículas SARS-CoV-2 desactivadas', '2024-01-26', 4, 0, NULL, NULL),
(2826, 478003, 'Sinopharm y Sinovac', 'Partículas SARS-CoV-2 desactivadas', '2024-01-26', 4, 0, NULL, NULL),
(2827, 471016, 'Sputnik V', 'Adenovirus Ad26 y Ad5', '2024-01-26', 5, 0, NULL, NULL),
(2828, 716384, 'Sputnik V', 'Adenovirus Ad26 y Ad5', '2024-01-26', 5, 0, NULL, NULL),
(2829, 455847, 'Sputnik V', 'Adenovirus Ad26 y Ad5', '2024-01-26', 5, 0, NULL, NULL),
(2830, 588549, 'Sputnik V', 'Adenovirus Ad26 y Ad5', '2024-01-26', 5, 0, NULL, NULL),
(2831, 66819, 'Sputnik V', 'Adenovirus Ad26 y Ad5', '2024-01-26', 5, 0, NULL, NULL),
(2832, 162701, 'Sputnik V', 'Adenovirus Ad26 y Ad5', '2024-01-26', 5, 0, NULL, NULL),
(2833, 503586, 'Sputnik V', 'Adenovirus Ad26 y Ad5', '2024-01-26', 5, 0, NULL, NULL),
(2834, 396976, 'Sputnik V', 'Adenovirus Ad26 y Ad5', '2024-01-26', 5, 0, NULL, NULL),
(2835, 594426, 'Sputnik V', 'Adenovirus Ad26 y Ad5', '2024-01-26', 5, 0, NULL, NULL),
(2836, 294843, 'Sputnik V', 'Adenovirus Ad26 y Ad5', '2024-01-26', 5, 0, NULL, NULL),
(2837, 165472, 'Sputnik V', 'Adenovirus Ad26 y Ad5', '2024-01-26', 5, 0, NULL, NULL),
(2838, 656253, 'Pfizer', 'ARN mensajero (ARNm)', '2024-01-26', 1, 0, NULL, NULL),
(2839, 572240, 'Pfizer', 'ARN mensajero (ARNm)', '2024-01-26', 1, 0, NULL, NULL),
(2840, 230525, 'Sinopharm y Sinovac', 'Partículas SARS-CoV-2 desactivadas', '2024-01-26', 4, 0, NULL, NULL),
(2841, 396888, 'Sinopharm y Sinovac', 'Partículas SARS-CoV-2 desactivadas', '2024-01-26', 4, 0, NULL, NULL),
(2842, 140470, 'Sinopharm y Sinovac', 'Partículas SARS-CoV-2 desactivadas', '2024-01-26', 4, 0, NULL, NULL),
(2843, 311134, 'Sinopharm y Sinovac', 'Partículas SARS-CoV-2 desactivadas', '2024-01-26', 4, 0, NULL, NULL),
(2844, 875052, 'Sinopharm y Sinovac', 'Partículas SARS-CoV-2 desactivadas', '2024-01-26', 4, 0, NULL, NULL),
(2845, 941370, 'Sinopharm y Sinovac', 'Partículas SARS-CoV-2 desactivadas', '2024-01-26', 4, 0, NULL, NULL),
(2846, 720743, 'Sinopharm y Sinovac', 'Partículas SARS-CoV-2 desactivadas', '2024-01-26', 4, 0, NULL, NULL),
(2847, 215808, 'Sinopharm y Sinovac', 'Partículas SARS-CoV-2 desactivadas', '2024-01-26', 4, 0, NULL, NULL),
(2848, 934524, 'Sinopharm y Sinovac', 'Partículas SARS-CoV-2 desactivadas', '2024-01-26', 4, 0, NULL, NULL),
(2849, 15158, 'AstraZeneca', 'Proteína de pico del virus SARS-CoV-2', '2024-01-26', 3, 0, NULL, NULL),
(2850, 372313, 'AstraZeneca', 'Proteína de pico del virus SARS-CoV-2', '2024-01-26', 3, 0, NULL, NULL),
(2851, 895417, 'AstraZeneca', 'Proteína de pico del virus SARS-CoV-2', '2024-01-26', 3, 0, NULL, NULL),
(2852, 434360, 'AstraZeneca', 'Proteína de pico del virus SARS-CoV-2', '2024-01-26', 3, 0, NULL, NULL),
(2853, 376939, 'AstraZeneca', 'Proteína de pico del virus SARS-CoV-2', '2024-01-26', 3, 0, NULL, NULL),
(2854, 723189, 'AstraZeneca', 'Proteína de pico del virus SARS-CoV-2', '2024-01-26', 3, 0, NULL, NULL),
(2855, 666999, 'Pfizer', 'ARN mensajero (ARNm)', '2024-01-26', 1, 0, 1, NULL),
(2856, 923535, 'Pfizer', 'ARN mensajero (ARNm)', '2024-01-26', 1, 0, 1, NULL),
(2857, 945759, 'Pfizer', 'ARN mensajero (ARNm)', '2024-01-26', 1, 0, 1, NULL),
(2858, 442162, 'Pfizer', 'ARN mensajero (ARNm)', '2024-01-26', 1, 0, 1, NULL),
(2859, 323698, 'Pfizer', 'ARN mensajero (ARNm)', '2024-01-26', 1, 0, 1, NULL),
(2860, 528155, 'Sputnik V', 'Adenovirus Ad26 y Ad5', '2024-01-26', 5, 0, NULL, NULL),
(2861, 367244, 'Sputnik V', 'Adenovirus Ad26 y Ad5', '2024-01-26', 5, 0, NULL, NULL),
(2862, 901485, 'Sputnik V', 'Adenovirus Ad26 y Ad5', '2024-01-26', 5, 0, NULL, NULL),
(2863, 500180, 'Sputnik V', 'Adenovirus Ad26 y Ad5', '2024-01-26', 5, 0, NULL, NULL),
(2864, 378497, 'Sputnik V', 'Adenovirus Ad26 y Ad5', '2024-01-26', 5, 0, NULL, NULL),
(2865, 924329, 'Sputnik V', 'Adenovirus Ad26 y Ad5', '2024-01-26', 5, 0, NULL, NULL),
(2866, 689263, 'Sputnik V', 'Adenovirus Ad26 y Ad5', '2024-01-26', 5, 0, NULL, NULL),
(2867, 598859, 'Pfizer', 'ARN mensajero (ARNm)', '2024-01-26', 1, 0, NULL, NULL),
(2868, 321210, 'Pfizer', 'ARN mensajero (ARNm)', '2024-01-26', 1, 0, NULL, NULL),
(2869, 536697, 'Pfizer', 'ARN mensajero (ARNm)', '2024-01-26', 1, 0, NULL, NULL),
(2870, 243889, 'Pfizer', 'ARN mensajero (ARNm)', '2024-01-26', 1, 0, NULL, NULL),
(2871, 550863, 'Pfizer', 'ARN mensajero (ARNm)', '2024-01-26', 1, 0, NULL, NULL),
(2872, 481441, 'Pfizer', 'ARN mensajero (ARNm)', '2024-01-26', 1, 0, NULL, NULL),
(2873, 178569, 'Sinopharm y Sinovac', 'Partículas SARS-CoV-2 desactivadas', '2024-01-26', 4, 0, NULL, NULL),
(2874, 244640, 'Sinopharm y Sinovac', 'Partículas SARS-CoV-2 desactivadas', '2024-01-26', 4, 0, NULL, NULL),
(2875, 504171, 'Sinopharm y Sinovac', 'Partículas SARS-CoV-2 desactivadas', '2024-01-26', 4, 0, NULL, NULL),
(2876, 889862, 'Sinopharm y Sinovac', 'Partículas SARS-CoV-2 desactivadas', '2024-01-26', 4, 0, NULL, NULL),
(2877, 806374, 'Sinopharm y Sinovac', 'Partículas SARS-CoV-2 desactivadas', '2024-01-26', 4, 0, NULL, NULL),
(2878, 319768, 'Johnson_Johnson', 'Partículas SARS-CoV-2 desactivadas', '2024-01-26', 2, 0, NULL, NULL),
(2879, 981135, 'Johnson_Johnson', 'Partículas SARS-CoV-2 desactivadas', '2024-01-26', 2, 0, NULL, NULL),
(2880, 987269, 'Johnson_Johnson', 'Partículas SARS-CoV-2 desactivadas', '2024-01-26', 2, 0, NULL, NULL),
(2881, 798468, 'Johnson_Johnson', 'Partículas SARS-CoV-2 desactivadas', '2024-01-26', 2, 0, NULL, NULL),
(2882, 83213, 'Johnson_Johnson', 'Partículas SARS-CoV-2 desactivadas', '2024-01-26', 2, 0, NULL, NULL),
(2883, 388105, 'Johnson_Johnson', 'Partículas SARS-CoV-2 desactivadas', '2024-01-26', 2, 0, NULL, NULL),
(2884, 967757, 'Johnson_Johnson', 'Partículas SARS-CoV-2 desactivadas', '2024-01-26', 2, 0, NULL, NULL),
(2885, 205816, 'AstraZeneca', 'Proteína de pico del virus SARS-CoV-2', '2024-01-26', 3, 0, NULL, NULL),
(2886, 399544, 'AstraZeneca', 'Proteína de pico del virus SARS-CoV-2', '2024-01-26', 3, 0, NULL, NULL);

--
-- Índices para tablas volcadas
--

--
-- Indices de la tabla `ciudadano`
--
ALTER TABLE `ciudadano`
  ADD PRIMARY KEY (`idCiudadano`),
  ADD UNIQUE KEY `DNI` (`DNI`);

--
-- Indices de la tabla `fabricante`
--
ALTER TABLE `fabricante`
  ADD PRIMARY KEY (`idEmpresa`),
  ADD UNIQUE KEY `Cuit` (`Cuit`);

--
-- Indices de la tabla `geo`
--
ALTER TABLE `geo`
  ADD PRIMARY KEY (`idGeo`),
  ADD UNIQUE KEY `nombre` (`nombre`);

--
-- Indices de la tabla `login`
--
ALTER TABLE `login`
  ADD PRIMARY KEY (`idLogin`),
  ADD KEY `usuario` (`usuario`);

--
-- Indices de la tabla `patologias`
--
ALTER TABLE `patologias`
  ADD PRIMARY KEY (`DNI`);

--
-- Indices de la tabla `pedidosstocks`
--
ALTER TABLE `pedidosstocks`
  ADD PRIMARY KEY (`idPedido`),
  ADD KEY `idCentro` (`idCentro`);

--
-- Indices de la tabla `turnero_1`
--
ALTER TABLE `turnero_1`
  ADD PRIMARY KEY (`idTurnos`);

--
-- Indices de la tabla `turnero_2`
--
ALTER TABLE `turnero_2`
  ADD PRIMARY KEY (`idTurnos`);

--
-- Indices de la tabla `turnero_3`
--
ALTER TABLE `turnero_3`
  ADD PRIMARY KEY (`idTurnos`);

--
-- Indices de la tabla `turno`
--
ALTER TABLE `turno`
  ADD PRIMARY KEY (`idTurno`),
  ADD UNIQUE KEY `idVial` (`idVial`),
  ADD KEY `DNI` (`DNI`),
  ADD KEY `idCentro` (`idCentro`);

--
-- Indices de la tabla `vacunatorio`
--
ALTER TABLE `vacunatorio`
  ADD PRIMARY KEY (`idCentro`),
  ADD UNIQUE KEY `idVial` (`idVial`),
  ADD UNIQUE KEY `idVial_2` (`idVial`),
  ADD KEY `Citas` (`Citas`),
  ADD KEY `idVial_3` (`idVial`);

--
-- Indices de la tabla `viales`
--
ALTER TABLE `viales`
  ADD PRIMARY KEY (`idVial`),
  ADD UNIQUE KEY `NumeroSerie` (`NumeroSerie`),
  ADD KEY `idLaboratorio` (`idLaboratorio`),
  ADD KEY `idVacunatorio` (`idVacunatorio`);

--
-- AUTO_INCREMENT de las tablas volcadas
--

--
-- AUTO_INCREMENT de la tabla `ciudadano`
--
ALTER TABLE `ciudadano`
  MODIFY `idCiudadano` int(50) NOT NULL AUTO_INCREMENT, AUTO_INCREMENT=305;

--
-- AUTO_INCREMENT de la tabla `fabricante`
--
ALTER TABLE `fabricante`
  MODIFY `idEmpresa` tinyint(5) NOT NULL AUTO_INCREMENT, AUTO_INCREMENT=8;

--
-- AUTO_INCREMENT de la tabla `geo`
--
ALTER TABLE `geo`
  MODIFY `idGeo` tinyint(4) NOT NULL AUTO_INCREMENT, AUTO_INCREMENT=66;

--
-- AUTO_INCREMENT de la tabla `login`
--
ALTER TABLE `login`
  MODIFY `idLogin` int(11) NOT NULL AUTO_INCREMENT, AUTO_INCREMENT=154;

--
-- AUTO_INCREMENT de la tabla `pedidosstocks`
--
ALTER TABLE `pedidosstocks`
  MODIFY `idPedido` int(100) NOT NULL AUTO_INCREMENT, AUTO_INCREMENT=6;

--
-- AUTO_INCREMENT de la tabla `turnero_1`
--
ALTER TABLE `turnero_1`
  MODIFY `idTurnos` int(20) NOT NULL AUTO_INCREMENT, AUTO_INCREMENT=93;

--
-- AUTO_INCREMENT de la tabla `turnero_2`
--
ALTER TABLE `turnero_2`
  MODIFY `idTurnos` tinyint(20) NOT NULL AUTO_INCREMENT, AUTO_INCREMENT=93;

--
-- AUTO_INCREMENT de la tabla `turnero_3`
--
ALTER TABLE `turnero_3`
  MODIFY `idTurnos` tinyint(20) NOT NULL AUTO_INCREMENT, AUTO_INCREMENT=93;

--
-- AUTO_INCREMENT de la tabla `turno`
--
ALTER TABLE `turno`
  MODIFY `idTurno` int(30) NOT NULL AUTO_INCREMENT, AUTO_INCREMENT=109;

--
-- AUTO_INCREMENT de la tabla `vacunatorio`
--
ALTER TABLE `vacunatorio`
  MODIFY `idCentro` tinyint(11) NOT NULL AUTO_INCREMENT, AUTO_INCREMENT=9;

--
-- AUTO_INCREMENT de la tabla `viales`
--
ALTER TABLE `viales`
  MODIFY `idVial` int(100) NOT NULL AUTO_INCREMENT, AUTO_INCREMENT=2887;

--
-- Restricciones para tablas volcadas
--

--
-- Filtros para la tabla `login`
--
ALTER TABLE `login`
  ADD CONSTRAINT `login_ibfk_1` FOREIGN KEY (`usuario`) REFERENCES `ciudadano` (`DNI`);

--
-- Filtros para la tabla `patologias`
--
ALTER TABLE `patologias`
  ADD CONSTRAINT `patologias_ibfk_1` FOREIGN KEY (`DNI`) REFERENCES `ciudadano` (`DNI`);

--
-- Filtros para la tabla `pedidosstocks`
--
ALTER TABLE `pedidosstocks`
  ADD CONSTRAINT `pedidosstocks_ibfk_1` FOREIGN KEY (`idCentro`) REFERENCES `vacunatorio` (`idCentro`);

--
-- Filtros para la tabla `turno`
--
ALTER TABLE `turno`
  ADD CONSTRAINT `turno_ibfk_1` FOREIGN KEY (`idCentro`) REFERENCES `vacunatorio` (`idCentro`),
  ADD CONSTRAINT `turno_ibfk_10` FOREIGN KEY (`idVial`) REFERENCES `viales` (`idVial`),
  ADD CONSTRAINT `turno_ibfk_3` FOREIGN KEY (`idCentro`) REFERENCES `vacunatorio` (`idCentro`),
  ADD CONSTRAINT `turno_ibfk_8` FOREIGN KEY (`idCentro`) REFERENCES `vacunatorio` (`idCentro`),
  ADD CONSTRAINT `turno_ibfk_9` FOREIGN KEY (`DNI`) REFERENCES `ciudadano` (`DNI`);

--
-- Filtros para la tabla `viales`
--
ALTER TABLE `viales`
  ADD CONSTRAINT `viales_ibfk_1` FOREIGN KEY (`idLaboratorio`) REFERENCES `fabricante` (`idEmpresa`),
  ADD CONSTRAINT `viales_ibfk_2` FOREIGN KEY (`idVacunatorio`) REFERENCES `vacunatorio` (`idCentro`);
COMMIT;

/*!40101 SET CHARACTER_SET_CLIENT=@OLD_CHARACTER_SET_CLIENT */;
/*!40101 SET CHARACTER_SET_RESULTS=@OLD_CHARACTER_SET_RESULTS */;
/*!40101 SET COLLATION_CONNECTION=@OLD_COLLATION_CONNECTION */;
